var,lo,mi,hi,n_eff,Rhat
lr0,5.067933544326543,5.73962228744507,6.421060166118504,744.964929677085,1.0082197592923003
ls0[1],-1.3741374923816059,-0.7948474873087036,-0.17050476899450742,1943.0098062576628,1.0025206433578315
ls0[2],-0.5536594136387448,0.01250964528699091,0.6809683715426633,2587.8256678276216,1.0004634234266747
ls0[3],-1.5241766993077845,-0.6835142314860398,0.2124418080677758,1380.5220151399576,1.0026544788241536
ls0[4],-1.657397687577474,-0.949875366529638,-0.321294462303101,3779.4207110861084,1.0003311487581321
x0[1],6.495989186121539,11.841014380684538,22.94953537967447,862.1067741219513,1.0048958158457653
x0[2],0.17045045719245705,0.2791882949625868,0.5024601367752455,541.8960419417053,1.0102529416766384
x0[3],0.0732311243842109,0.11528913918153508,0.19505774192166625,664.1248993904,1.0095761457653993
x0[4],0.1079353815583853,0.14055713997001984,0.20388731989343042,1568.5513292591243,1.0013554681900945
slr[1],1.1645749170484216,1.3731342310698527,1.630523972788759,1430.2690064837273,1.0015302912573443
sls[1],1.6309048888526676,1.8748931449205646,2.1561414594257293,505.9285067689656,1.0112146413678589
zr[1],-2.2497987559294916,-1.7854600144384762,-1.3678247864896471,2755.088741657099,0.9996259967737227
zr[2],-0.7584263007480764,-0.31880543791569366,0.1562179400538803,2742.0288886313833,1.0014140946817776
zr[3],0.6983664145972035,1.1345962432792807,1.567645641138171,2684.4629954411434,1.000630972937846
zr[4],1.8758152620024395,2.301607023854656,2.783710393811798,1928.1972395363268,1.0008944770417236
zr[5],-1.4907036841905863,-1.0865104298003345,-0.7088025367500496,2684.3146456654786,0.999989305089217
zr[6],-0.37403237898210173,0.06915270336418196,0.512392247723968,2156.0531914012918,0.9999679587697324
zr[7],-0.2949850920185975,0.13725542100313076,0.5686125628961549,2113.9067461091763,1.0020237581670473
zr[8],-1.1303072165548824,-0.7533044520782926,-0.38004204718616164,2073.909557230805,1.006934668977917
zr[9],-0.004840768888931997,0.39672252719395007,0.7741917284195377,2161.7348769037635,1.0048487855251753
zr[10],-1.6050900682933804,-1.1634648395804041,-0.7205982166268698,2638.0960218691216,1.0008442045146126
zr[11],-0.5063923192924094,-0.0435034186180088,0.40038627322992437,2767.8256161465047,0.9996958159254029
zr[12],0.8666114330450454,1.2383028569215924,1.6222198515386705,2528.0943050674364,1.000045359784549
zr[13],-2.276369144820785,-1.8369986653483794,-1.4176520603394982,2677.5420774838644,0.9992599025277987
zr[14],0.04037475160742953,0.48365366338542404,0.9268777862087045,2822.85793997361,1.0007207343377587
zr[15],-0.2724628608960916,0.19295741107504039,0.6990800253890126,2669.09665674791,1.001332632351925
zr[16],-0.2639807555012748,0.21497939759731993,0.7176730769415927,3083.550187819813,1.0001024539499654
zr[17],-0.13269021081296853,0.33043728520108084,0.8249561108091515,3080.0488304700993,1.0006864032334883
zr[18],-0.9263118796395746,-0.40148824822031604,0.08305038434702408,2274.467637529356,1.0013267858030048
zr[19],-1.0386451889823627,-0.5478597163014767,-0.01850424472867731,2238.945298374709,1.0005104891110628
zr[20],-0.39006042122293655,0.14740834918178322,0.6046529166510383,2762.041130460188,0.9996619946958983
zr[21],-1.0809676704439553,-0.609227425011998,-0.18045613370057187,2614.8416195992204,1.0004411836745508
zr[22],0.008731893606457796,0.4210956985913823,0.8720035661314893,2316.0614086651103,1.0010094790071247
zr[23],-1.1559103101868864,-0.6606903116791734,-0.16072266719421038,2565.7886247412634,1.0001768962214264
zr[24],-0.13233692906588487,0.33301798812993255,0.8023778803561239,2888.3068447470155,0.9996353562681082
zr[25],0.5289453541033791,0.9412638170612915,1.3630317998498274,3716.265142018779,1.0001611378127122
zr[26],-0.8024140791418896,-0.3990180807173404,-0.01858165455637014,3018.439395579794,1.0017747332209068
zr[27],-0.410546937240165,0.021393380358717115,0.4438723249648091,2765.9126488850957,1.0008678102852568
zr[28],-1.2474019282643567,-0.8207049047035382,-0.44406895259478985,2560.1047546427417,0.999910781662686
zr[29],-1.4234101934498535,-1.012939025341798,-0.6271685533234383,2757.1953078644524,1.0011672178474822
zr[30],-1.5567544267895956,-0.7585794724681316,-0.038079618717644176,5700.267262151702,0.9999176282447477
zr[31],-0.9736876650029455,0.018812667741723882,0.9899975021659722,6648.842292763678,0.9991959362143055
"zs[1,1]",-2.5303452830359614,-2.1705650436792414,-1.8521357022827178,1069.5917318332351,1.0057660484525222
"zs[1,2]",1.2153987893572846,1.5727644720983274,1.9903234075159584,2740.09331499783,1.0023984336808265
"zs[1,3]",0.12294652431042465,0.5930974994872762,1.0794694845900161,2714.3520882193,1.0005220740199023
"zs[1,4]",-1.4270120385160423,-0.9684595029120637,-0.5271055310719478,2820.981379679174,0.9995745542421035
"zs[1,5]",-0.6045438549747109,-0.33437026176539897,-0.09752022990511706,3144.3606920322213,1.0008686164831664
"zs[1,6]",0.375312177331284,0.5763060237542638,0.8197482063900827,2312.178698173051,1.0037921236878804
"zs[1,7]",0.9828724111890808,1.4325409596374983,1.9063558179386704,3182.2847139799565,1.0007005791407935
"zs[1,8]",-1.5212994922523462,-1.061312741767387,-0.6151877588184433,3260.1941768982538,1.0011360378780592
"zs[1,9]",0.6237694626909583,1.0533704352714128,1.5167875286809867,2495.0422911705787,1.0023027278722962
"zs[1,10]",-2.087852620086758,-1.6184813883513058,-1.172549449211159,2460.3738881829845,1.003367124910521
"zs[1,11]",0.14771582528677715,0.4954958303842669,0.8926265266320836,3045.7176477933194,1.0000438645480378
"zs[1,12]",0.041117103160153434,0.5079839853560001,0.9542133063045714,2823.294107206555,0.9998627146462495
"zs[1,13]",-2.201054737436492,-1.7829487128679382,-1.3994330951061127,2831.8773789546294,1.0002392432618892
"zs[1,14]",0.7541039314737636,1.1177427957910933,1.5354108364712105,2274.892908961613,1.0018866159135555
"zs[1,15]",0.47187316002982127,0.9811852500176758,1.5134269518787773,2460.4920283580072,1.0007451601025479
"zs[1,16]",-1.078667741414594,-0.5056800089990461,0.09108025358263329,2524.381647408882,1.002881008061638
"zs[1,17]",-0.1790495937099562,0.4134204127786517,1.0051962621290107,3136.9759057500137,1.0005897059435087
"zs[1,18]",-0.8105110349316,-0.24550927610304085,0.3540896736749236,2971.6081994457936,0.9999342023736865
"zs[1,19]",0.00837940103376347,0.6385334672689036,1.3141181245984235,2963.9255812894494,1.0006388794235492
"zs[1,20]",-0.33261123408202736,0.4233959900723141,1.22188585095072,3859.310362932314,0.9999841320322028
"zs[1,21]",-0.5226772687261282,0.2630797306557358,1.0511703402769847,4405.78944373003,0.9994855792341286
"zs[1,22]",-1.1511977137700171,-0.33887034962262547,0.47726045365776065,4008.665555662871,1.000960514085153
"zs[1,23]",-0.8151520196726072,0.04513067529492466,0.8219956345834241,3578.62903869614,1.0005586727864348
"zs[1,24]",-1.727422189330686,-1.0047409245675314,-0.28814609406924385,3279.5217587430448,1.0002387215973632
"zs[1,25]",-0.8253705581272508,-0.11966720128973748,0.47398183812578015,2603.5247451878513,1.0005296528011247
"zs[1,26]",-2.4179396448708412,-1.9180749638510937,-1.4671757079344991,2820.021254119325,1.0012747183113642
"zs[1,27]",0.37582682590746896,0.7205440121165771,1.0987634685777907,2634.9232779305917,1.0004939844590486
"zs[1,28]",0.7541788196254499,1.1935300231881798,1.694168350788161,2378.02820475467,1.0003139789998414
"zs[1,29]",-6.676543948338407e-5,0.5339976380997326,1.1837297909329747,3173.6853267072497,1.0004388569957268
"zs[1,30]",-0.26321518802349486,0.48048766391991593,1.2609376652429367,3606.063512392568,1.0004988849885104
"zs[1,31]",-0.9639185441238743,-0.007957998861658506,0.9758138678172528,7897.469095770972,0.9995893083920253
"zs[2,1]",-1.9649285532005856,-1.612477128577349,-1.3067573670927302,1413.5496930706984,1.007030974259409
"zs[2,2]",1.2587058736852366,1.5479404240140322,1.901986978993473,1915.657324797748,1.0019709420559224
"zs[2,3]",-1.1629992908501041,-0.774198751582168,-0.42290931930637277,2752.662700563506,0.9993192201892875
"zs[2,4]",-0.6455360936845831,-0.3275153880943661,0.01142014745301962,3773.24195060931,1.0000277815279763
"zs[2,5]",0.22610376054245693,0.4862737464063597,0.7578242322727233,3474.603204409906,0.999592564580889
"zs[2,6]",-0.4717882631058153,-0.3000572348439004,-0.1539045049118832,3329.925663355769,0.9998210750782212
"zs[2,7]",1.311798659642248,1.6174954161990338,1.9916384877669455,2057.1187417897277,1.0017999609606114
"zs[2,8]",-2.0366616847964796,-1.6556272955679625,-1.3449116956511622,2006.6641065507367,1.0018386645218333
"zs[2,9]",-0.37836962001344165,-0.28697439421720605,-0.202220302397706,1881.1883281596579,1.004353989668779
"zs[2,10]",-0.16608297425879673,-0.07962456949891603,0.0023128078195007863,4338.022017211833,0.9998677680512721
"zs[2,11]",0.18365392668450137,0.3148258636461354,0.45419738658077297,2762.595599417829,1.0002853907533324
"zs[2,12]",-0.13920949257904203,0.0845528869897896,0.31797679064763407,3753.5904341712453,1.0005349577257
"zs[2,13]",-0.5785093855772647,-0.3084001092582015,-0.055909542936542336,4223.705111577443,1.000441077194629
"zs[2,14]",0.4465442156003242,0.6989093904872543,0.9735984050551737,3564.209805930436,0.9996976578152091
"zs[2,15]",-0.25615777613166635,0.017455052120536232,0.3059897365562501,3959.48014558472,0.9999902783175165
"zs[2,16]",-0.6300943654819262,-0.3659082221716041,-0.13028702910115644,3738.9239071472225,0.9998046777698849
"zs[2,17]",-0.47020752268503613,-0.20556594903947928,0.034673241015013206,3475.1937189930914,1.0017750639442753
"zs[2,18]",0.1388278944910016,0.41116720167862947,0.6892415913982325,3221.055253304418,1.0014231621730951
"zs[2,19]",-0.7074369870634376,-0.44928896649889444,-0.2045020171723336,3844.0497483537297,0.9995395942039598
"zs[2,20]",-0.7324725340346219,-0.4506760763979536,-0.1644802899386171,4214.10561908266,1.0006954079878128
"zs[2,21]",1.5212021403214844,1.953476737694101,2.432706472147553,2525.8570234355107,1.0007922805616063
"zs[2,22]",-1.2663820416310352,-0.8357202083071774,-0.4571161264096615,3614.4778681328526,0.9999139237851151
"zs[2,23]",0.08127327893111211,0.408257626856096,0.7787114017520497,3184.0075536165305,1.0007935914307857
"zs[2,24]",-0.73445269718134365,-0.3473861450135237,-0.011501513247510413,2601.433145569999,1.001898657204083
"zs[2,25]",-0.47417801682678273,-0.1396320050760367,0.20125231912610472,2512.867505950198,0.9999362585759608
"zs[2,26]",-0.5436772973142567,-0.1897386524929508,0.122653428158291,3146.457457954087,1.000768986030365
"zs[2,27]",0.2858242372321274,0.679161301808293,1.1505228549920612,3880.476323146077,0.9992127415663993
"zs[2,28]",-0.3289303827183141,0.19824200550028176,0.7231775609500242,2778.3776626939098,1.0000162907269707
"zs[2,29]",-1.228316394136181,-0.7586854938716512,-0.37118774585168757,3017.5344600911517,1.0002979533471543
"zs[2,30]",-0.33435601737495446,-0.14312864197306954,0.0386953696975126,6518.55621225355,0.9998535532158791
"zs[2,31]",-1.0177887666818308,-0.012521874870567155,1.0286029483763186,8271.779505424844,0.999286311282372
"zs[3,1]",-0.38162264094989545,0.17133894341195793,0.7518859220058257,2431.8184400220903,1.0004877293843097
"zs[3,2]",0.05304146005051862,0.5382271000039296,1.0592133941902797,3066.7353999232323,1.0008422911668975
"zs[3,3]",-1.831625864654065,-1.2936744107556386,-0.8280871770555379,3098.0958987292443,1.0009974193550888
"zs[3,4]",-0.5036644807463023,0.15198744618326632,0.7335893771914109,2870.4287153747327,1.0030036240872473
"zs[3,5]",-0.5309587770273432,0.08608379852307155,0.8075125454929095,3484.920193576225,1.0007430098589536
"zs[3,6]",-0.3551294304073239,0.2313937113407159,0.8136580756006522,3262.2780301252487,1.0000964497835394
"zs[3,7]",-1.741281789163316,-1.2493320905819574,-0.8676199665683515,2752.8734544769964,1.0010858427363256
"zs[3,8]",-0.5499229835186976,-0.03539880910851802,0.3360233624386373,2536.096274831871,1.0004713641963714
"zs[3,9]",-0.6656396343176576,-0.14923107825409018,0.2993504910445067,2990.016982824667,1.0006603042017568
"zs[3,10]",-0.17886329612424146,0.3013267149353156,0.831876133211148,3550.408502251986,1.0006624086902254
"zs[3,11]",0.23100906961468104,0.5967964485106027,1.0739071257436108,2827.6809600199576,1.001295610157795
"zs[3,12]",0.47407210884621936,1.0339766910955575,1.5414965325582757,2481.438159750702,0.9995857535003928
"zs[3,13]",-1.4226958332277895,-0.7575278314315158,-0.13506236643844502,3795.2782425277414,1.0001728338493538
"zs[3,14]",-0.8520991395013056,-0.08701959832778686,0.587703033322373,3410.722630509898,1.0006503426203968
"zs[3,15]",-1.3453640030776406,-0.7394610245842006,-0.09661009949370591,3046.0664552099465,0.9995694352036785
"zs[3,16]",-0.6690216745073027,-0.031384292562863306,0.5568571920864634,3942.738087713204,1.0002960589068364
"zs[3,17]",-0.5479176400568921,0.08014489100932683,0.6647345595504809,3661.088739215845,1.000320703552079
"zs[3,18]",-0.76433053170188,-0.17640136215279922,0.5114229973756675,3262.710310453664,1.0001698062971687
"zs[3,19]",-0.24059491105288822,0.31004681559458136,0.9770279303542213,2887.522343935903,1.0003232485098785
"zs[3,20]",0.32126253574502817,0.9997215891808734,1.6133257427019925,2550.9243679965407,1.0025262624898605
"zs[3,21]",-0.3874242003135216,0.31267794366165397,1.0310834854174875,2600.5453448507456,1.000659227916303
"zs[3,22]",-0.4454170607303366,0.2737032702490523,1.0632752915361339,3333.973967340177,1.0000809014400753
"zs[3,23]",-0.5994891862120254,-0.03525631484649544,0.5735096083510406,2244.507566768784,1.001801662735857
"zs[3,24]",-0.120857310950537,0.6385734630447764,1.2793485040824766,3611.7049682268043,1.0017745005109
"zs[3,25]",-1.3419195606967615,-0.6925508252674026,0.04858005641343937,1701.7111705656682,1.0032525583496559
"zs[3,26]",-0.2838788533664171,0.4028603950487363,1.1195074793956388,3778.9818305065387,1.000233644427405
"zs[3,27]",0.14248882335972946,0.9649501492463335,1.7111674132690178,2095.069389016257,1.0024061987094293
"zs[3,28]",-0.8452199090654933,-0.0057561083822425686,0.8977972307822959,4713.461967858548,0.9999951945114735
"zs[3,29]",-0.5979335974343928,0.34147775710573103,1.1803913342523362,4347.077728109055,1.0008367103735532
"zs[3,30]",-2.2376881719212083,-1.4493571698727976,-0.17187920412549149,738.4121153320643,1.006623877966432
"zs[3,31]",-0.9878305852613993,0.04237558108053289,1.0775295700585947,8194.126513974392,0.999242479623578
"zs[4,1]",-1.0119823590162431,-0.1396691710241275,0.6624288943178698,3711.589746881049,0.9993970619674903
"zs[4,2]",-0.8968765985286881,0.04001973609280546,0.8991087105886565,2957.507348264189,1.0019722328807386
"zs[4,3]",-1.6221547460314951,-0.8028706555156608,0.17683306678811264,2269.068912862439,1.0002479097362345
"zs[4,4]",-0.709173250777267,0.1458538188780733,0.9480462919395973,3001.066251677215,0.9998738315047895
"zs[4,5]",-0.7419810164313563,0.1848042529918395,1.0835646345867902,3064.447553949407,1.0016521447761906
"zs[4,6]",-0.7998129938414134,0.15108066131976536,1.095352759716651,4668.963900558188,0.999835327724774
"zs[4,7]",-0.9250455713852377,-0.023422390023889808,0.9259170149393906,5318.110806839681,0.9994723129004972
"zs[4,8]",-0.5418976413029074,0.4383567818322587,1.3562353158406162,3548.1686825888846,0.9995156394917698
"zs[4,9]",-0.7699960380331566,0.1294014186353844,1.0311590536137119,5252.607893635815,0.9995757471289918
"zs[4,10]",-0.8598026127775507,0.11213144009109188,1.0435552824438883,5172.733707560692,0.9995779061331808
"zs[4,11]",-0.951291452633842,0.0019725436146085518,0.898469975763976,4883.427927981257,0.9994348003859909
"zs[4,12]",-1.1005699356505534,-0.20757106603807526,0.7603485230973566,4242.377887258772,0.9995164077489407
"zs[4,13]",-1.8506830189488748,-0.9578330689809853,0.1959087081620137,2332.7799601761863,1.000283537753149
"zs[4,14]",-0.5128025895177947,0.47045738135850257,1.3145017889017827,2807.722214976518,1.0003901391540546
"zs[4,15]",-0.8981600803001346,-0.0822266976347151,0.780564489640348,4914.924549233403,0.9996095411158518
"zs[4,16]",-0.6973479681268964,0.2333575334917517,1.1193866008531468,4031.4047983631,1.0000827041921347
"zs[4,17]",-0.7573658349088974,0.14852432257986364,1.0268675639866574,4348.371598107128,0.9999415529413324
"zs[4,18]",-1.0091389268892215,-0.05937466295470541,0.8567755983038613,4551.5857814318,1.0000965923750706
"zs[4,19]",-0.7716584789348269,0.17376818330272953,1.1290890858536957,4691.467578234984,1.0004814524317855
"zs[4,20]",-0.818358000333738,0.12874252202968592,1.0147979885520564,5685.182626220631,0.9996982098694045
"zs[4,21]",-1.0328816718607419,-0.07050242409087748,0.8880513002237622,5663.305826924067,1.0005369952234866
"zs[4,22]",-0.9582431361368536,-0.0052563878332941094,0.8914815628864531,4778.8759176577105,0.9992153155495197
"zs[4,23]",-1.033010475906877,-0.09112399368860732,0.8684390807258018,4311.77300227326,0.9995349100036945
"zs[4,24]",-0.839629568723903,0.1168637766421751,1.042380632061851,2728.801863549903,1.0010933117224174
"zs[4,25]",-1.527303824756151,-0.6577965421620291,0.38902938396475906,3258.2589373016235,0.9997880935172703
"zs[4,26]",-0.5168768817004831,0.30252434223514013,1.1353645303845077,2808.1523890286962,1.0007336765417827
"zs[4,27]",-0.06296996198559779,0.9700809027157307,1.8545746016920757,1025.3241500636348,1.009003895185041
"zs[4,28]",-0.6784983522806577,0.10238228367513716,0.9089677729760401,4840.284893651916,0.9993119908193258
"zs[4,29]",-0.11667904366240292,0.681639134646928,1.3940356989734577,2551.3551440663114,1.0000893407806288
"zs[4,30]",-2.4453397098919716,-1.6209858392588532,-0.6789844565075263,950.2307080553875,1.0052161718012953
"zs[4,31]",-1.0124158092709699,-0.0057740498869532555,0.9916156713147375,6402.582409480315,1.0000155427971582
p[1],0.0012121929181029222,0.0023404476677457587,0.004428996134822481,863.6510183601308,1.0062620163331242
p[2],0.0585991039302938,0.10182327117041934,0.16223139595180416,668.4259012184837,1.0069521881840457
p[3],0.24478210998836775,0.41118089780272077,0.6292203029331822,605.1334286798569,1.0092322579575392
p[4],0.4655840546575175,0.6644010207765729,0.837090155167708,1828.1425905401638,1.0002446740136248
theta,0.33802689659128055,0.3535685277090974,0.369493676573517,7331.516204004093,0.9996027125184261
lr[1],5.067933544326543,5.73962228744507,6.421060166118504,744.964929677085,1.0082197592923003
lr[2],2.4479858912089663,3.2673501887776313,4.073741511931664,1032.0931446560526,1.0035817310315465
lr[3],2.031345311906888,2.800667723095339,3.6522212808820944,870.3547087637049,1.008042673988311
lr[4],3.6544447606225514,4.3910334650284195,5.13704990977108,955.7215696502448,1.005316491876435
lr[5],6.867420480885561,7.585064540135374,8.276146654590729,822.5933486581724,1.0064994483489729
lr[6],5.263030946247576,6.037395498603342,6.864376229092208,984.8578060976693,1.0033114080254837
lr[7],5.3535224047122005,6.111074421336754,6.901114769717518,761.9570079007914,1.0072744657303085
lr[8],5.648966912764385,6.328269208821843,7.035432551809204,759.7347686048241,1.0071910025815178
lr[9],4.58726213834579,5.263919297298601,6.000153836671197,527.4329134776347,1.0112418186540186
lr[10],5.095516429034524,5.8395088044292445,6.565447959472252,916.4766022232201,1.0059834169549828
lr[11],3.3689707448935833,4.23216447073942,5.1012200554118765,885.9484769072753,1.0055155349617344
lr[12],3.3385721537194875,4.132156771454207,4.969902429260284,713.11118411918,1.006444139836822
lr[13],5.1794791999684175,5.853970455955566,6.580039589485147,770.6037764044275,1.0074424700749331
lr[14],2.4671906185830967,3.31782488461066,4.1594697093542194,940.1419260142935,1.0039748303135871
lr[15],3.179229944078269,3.9780630250806306,4.807233900040464,738.1134739928449,1.0063153075462345
lr[16],3.3457168691401495,4.318890527533965,5.21389102699014,1078.4242807129726,1.0037010165799227
lr[17],3.7193395056546468,4.587512048999658,5.4631401710806236,1090.3310456660822,1.0038415905201274
lr[18],4.092461362401028,5.072204542943306,6.021766228946422,977.1287639130039,1.004095167307552
lr[19],3.6437953662450626,4.447838958159451,5.329208628949329,807.7294255382888,1.0095091052303844
lr[20],2.8736302094539767,3.7249800894094776,4.65272586408158,883.674478475037,1.007744399973194
lr[21],3.1787963556573784,3.8932333081187513,4.650371549566395,600.3927986715616,1.0068614841025345
lr[22],2.2397818450954805,3.0123190830921986,3.8721466933267057,702.898782244685,1.0053610177886074
lr[23],2.926261938651111,3.6052567874914074,4.35652157294355,584.5630277551085,1.008428339055707
lr[24],1.828112205401886,2.7308241502601973,3.6561505964447387,975.4094145548174,1.0056610985117445
lr[25],2.3192120917361,3.1780380329154863,4.036872342133991,739.1373671766495,1.0056750378163848
lr[26],3.8083571306957946,4.485266494203614,5.200280013273213,871.8941395809514,1.005758467552794
lr[27],3.1121679684553682,3.926705432412124,4.763856838758923,787.2040584287164,1.007702328937732
lr[28],3.1514222153030436,3.942864757203883,4.8134285179661696,862.576080486963,1.00600459577378
lr[29],2.087561503539756,2.7684244728205076,3.560419937544255,755.8413464375193,1.0057628402278613
lr[30],0.6398234782130938,1.3430583957413584,2.2086233729353806,557.7691822934173,1.0080607032773607
lr[31],-0.8674039041081021,0.3686724296547152,1.5181887654571702,1875.8801140935504,1.0008654581759213
r[1],158.8457405536648,310.9469705243358,614.6544064837119,885.6138838607784,1.0069729796893325
r[2],11.56503071922837,26.241714477076904,58.776464582897844,1229.399230799928,1.001990862254054
r[3],7.624336908215847,16.455631009654752,38.56024139779471,1309.1715214587234,1.003971167616313
r[4],38.64605801173757,80.72380156758459,170.21299125429272,1116.5944636813863,1.003935674953279
r[5],960.467824947457,1968.5738468040859,3929.02558170284,983.3303381610652,1.0064175891658358
r[6],193.06579558311847,418.80084652991934,957.5483627073952,1205.8880307458292,1.0033186813660424
r[7],211.35145363135038,450.8228291910562,993.3815173725933,892.2813877596358,1.0068323914490327
r[8],283.99791992896365,560.1861926452367,1136.1862945437438,966.0756469461195,1.0051058593359647
r[9],98.22514187500772,193.2373702478656,403.4908608233517,796.7881352625776,1.0095166402211966
r[10],163.28814962384538,343.6105232238647,710.1299352538884,1118.5589700160672,1.0043850162665797
r[11],29.048614264993358,68.86612977363373,164.22214524746715,1275.8187945839843,1.0033244207929948
r[12],28.178862887529974,62.31217315029276,144.0128400576881,1033.4674127792957,1.0047091262910355
r[13],177.59030129212158,348.61580062091,720.5678605069363,987.0297707124065,1.005648963046944
r[14],11.789279703308523,27.600279479700042,64.03755706161586,1161.1898558220596,1.0015036582225607
r[15],24.028252530320476,53.41347340513785,122.3925990855666,1191.7614764336815,1.0039634733524334
r[16],28.38091377753699,75.10525795225317,183.80789205731338,1545.1499005954458,1.0030768730811555
r[17],41.23714903042277,98.24968545934212,235.83683088338216,1596.93662665216,1.0025906070320274
r[18],59.887115944765014,159.52577984889314,412.30618015710263,1375.919084683526,1.0010186810326736
r[19],38.236683897041104,85.44210111271687,206.27469172494895,1242.2919841448345,1.0072966964219592
r[20],17.701160822609108,41.47040704061975,104.87046425637982,1137.5561489343906,1.0046830318325912
r[21],24.017827234740277,49.06928713008562,104.62385899150819,832.8724032526894,1.006590053975516
r[22],9.39128543536926,20.33450281596061,48.045418450665416,1305.291410688782,1.003497160788168
r[23],18.657756352381647,36.79113018845885,77.98539690102719,869.9025567895303,1.004412680222907
r[24],6.222129467321356,15.345528876836486,38.71203852838101,1290.5335206589707,1.0047216034773416
r[25],10.167664280053177,23.999624760685183,56.64889783494789,1305.5447436883444,1.0041054311264932
r[26],45.076323496449135,88.70058589020643,181.32301444982298,1063.6208695531666,1.0053520200963808
r[27],22.46970630995653,50.73953822974582,117.19706672829354,1073.5996849084759,1.0046462862693506
r[28],23.369277461575205,51.566119210778,123.1531277320036,1255.0100079408733,1.00375528826961
r[29],8.065224155756104,15.933510575246586,35.177966593654276,1258.6028887723858,1.0041612955946884
r[30],1.8961461601099168,3.8307416111754584,9.103177362240777,951.0712457198895,1.0055269682179035
r[31],0.4200406007290695,1.4458143175772438,4.563956060861068,2073.647438149746,1.0011370811718496
"ls[1,1]",-1.3741374923816059,-0.7948474873087036,-0.17050476899450742,1943.0098062576628,1.0025206433578315
"ls[1,2]",-5.337734032249465,-4.836438713324442,-4.346698311775123,1979.7676476178235,1.0018337630322496
"ls[1,3]",-2.6329540553741646,-1.8884811003690083,-1.1015419053644173,2656.7924426023965,1.000822232885844
"ls[1,4]",-1.647817079381652,-0.789113405277732,0.23411424239611928,2355.74219471844,1.002310397937573
"ls[1,5]",-3.1735716741926723,-2.571777560248977,-1.9481700521239373,2288.563381429945,1.0004415443191403
"ls[1,6]",-3.647155851151579,-3.1937897651196057,-2.795828210991006,1679.7505506285459,1.0024747742661666
"ls[1,7]",-2.6763296036927837,-2.0989500260320444,-1.5441934750245543,2070.606286056156,1.00019918023428
"ls[1,8]",-0.2961302072465931,0.5361476250287175,1.52747349523723,2718.8191380454123,1.0004625488708376
"ls[1,9]",-1.9467880967991817,-1.416810133434118,-0.8894174632104006,1796.1510632990353,1.002799873657931
"ls[1,10]",-0.353241437961695,0.5380814156934042,1.5372691348056229,2837.574307848962,1.0000484213033762
"ls[1,11]",-3.024480269391405,-2.480830934174615,-1.9229031895761903,2187.1055193790985,1.0036202849331108
"ls[1,12]",-2.28829160230136,-1.5575735914515492,-0.7084352425822583,2218.327249275881,1.0010207348024345
"ls[1,13]",-1.4013151964177233,-0.6004489006324284,0.33717785955215923,2439.1741733885806,1.0014119094935412
"ls[1,14]",-4.400164849381225,-3.9126001737251626,-3.427332856210127,2027.4617954326416,1.0039403310174684
"ls[1,15]",-2.571911653420604,-1.8289358121709547,-1.0040852112783234,2192.3769865820086,1.0006634366566667
"ls[1,16]",-1.0010051562003497,-0.016990874707762282,1.2083434938388806,2401.5731204082504,1.0000899987203158
"ls[1,17]",-2.018627348836843,-1.1140433759438282,0.32974141217265796,1586.5645523773512,1.0023104043555804
"ls[1,18]",-1.3229372620229545,-0.30830653286527604,1.276412915136899,1930.8895767644053,1.0030582058129653
"ls[1,19]",-1.843445572130861,-0.8584989078201297,0.9003945516813489,1388.1814626532603,1.0029876499014667
"ls[1,20]",-0.8198215343171134,0.4629471334714168,2.5229645465747423,1679.94559171028,1.0025657319421797
"ls[1,21]",-0.21881448950306664,1.4114060737302117,3.505567339029948,2389.309849219701,1.001306949568009
"ls[1,22]",0.4416624828222739,1.9085680169896073,3.8298683389303965,2942.042839270358,1.0028953467826098
"ls[1,23]",-0.4901779187414636,1.2731885066361526,3.494241014725241,2517.1415879844367,1.0031993640685253
"ls[1,24]",0.04315024152916564,1.3544005080004764,2.9454127628701112,2884.0573295789864,1.0022933402903254
"ls[1,25]",-1.7705593235541057,-0.6588222802664183,1.0904167026523395,2093.8288244211753,1.0011881370066218
"ls[1,26]",-1.6359868948591911,-0.7908597826611716,0.22882863520898583,2383.595363770734,1.0002278568788974
"ls[1,27]",-4.94748510983291,-4.34283123600081,-3.7460970244175003,2306.1062561037115,1.000639419790217
"ls[1,28]",-3.7029776606188194,-2.976229061219895,-2.257683351043413,1941.6460915416822,1.0023285672789604
"ls[1,29]",-1.6467554358448668,-0.8039260913101033,0.2682382312462673,2155.9455454642066,1.0019608666477042
"ls[1,30]",-0.9143803162539387,0.20157936415545058,1.8790255755058518,2168.3124348290826,1.002020969021884
"ls[1,31]",-0.38166173469509374,1.1475888322550094,3.216515483468492,2902.2573866294097,1.0008590061380689
"ls[2,1]",-0.5536594136387448,0.01250964528699091,0.6809683715426633,2587.8256678276216,1.0004634234266747
"ls[2,2]",-3.293717173886773,-2.9872592739825583,-2.720734459861641,2873.806156084388,1.0010912849415705
"ls[2,3]",-0.754915241749871,-0.11708430290083371,0.6595503101217409,1945.1819196021756,1.001503353196655
"ls[2,4]",-2.0979196170007706,-1.5520183426726488,-0.9710262617609411,4499.776026149328,1.0003337369644898
"ls[2,5]",-2.643816594848708,-2.1407771115557153,-1.6329935982287385,4364.652503131437,0.9998183585503013
"ls[2,6]",-1.623037626496107,-1.2192990175690528,-0.8259300199077108,3145.4423036878634,1.0004146355387509
"ls[2,7]",-2.1046445385178774,-1.7907390580952394,-1.47922382299656,2659.2557886910777,1.0007593155874055
"ls[2,8]",0.48551965714185896,1.248419188242017,2.133340976072571,1886.7501297584615,1.000813166555116
"ls[2,9]",-2.1621884099052178,-1.8498882018369338,-1.574067306636977,2838.8078926283147,1.0003104982423896
"ls[2,10]",-2.6857263517332743,-2.383866885196805,-2.1354416152710294,2662.419428096076,1.0007015225485238
"ls[2,11]",-2.8510640058464745,-2.5368199418784876,-2.273051249349419,2756.3028864386706,1.0006367691773916
"ls[2,12]",-2.3103419960331033,-1.9495980615466162,-1.6180827606097734,3182.5873533703766,1.0002031504962092
"ls[2,13]",-2.2588131336708885,-1.8167277289623143,-1.3226332627039694,3904.858101529538,1.001476186895173
"ls[2,14]",-2.796196546818228,-2.3804790207346085,-1.9774470126074264,3471.042342127401,1.0001826668688092
"ls[2,15]",-1.5408050586667776,-1.0722233332919195,-0.5716488294689964,3643.610644481517,1.0001354999654641
"ls[2,16]",-1.5398540738998177,-1.0272058087244076,-0.4846603555515288,3273.183539104353,0.999803193139217
"ls[2,17]",-2.1021221290224412,-1.7178539130261856,-1.3384341481036621,3377.9908364432645,0.9998166774020305
"ls[2,18]",-2.610441858765856,-2.110367340934331,-1.6276384140021531,3469.877853566254,1.000186104603145
"ls[2,19]",-1.7807033170352777,-1.338627935316664,-0.9071839977410956,3601.772057583903,1.000022807714068
"ls[2,20]",-2.6344202776765915,-2.1982347709516623,-1.7517084306459205,3705.645903719561,1.0005220092155998
"ls[2,21]",-3.543887299720589,-3.0392851943963803,-2.5449003915424244,4284.43902947425,0.9996485518845225
"ls[2,22]",-0.15775382143136496,0.5915475416256952,1.510726406891301,2711.6151787050944,1.0012164781337884
"ls[2,23]",-1.454893718460633,-0.9744157056436238,-0.44908571610376946,3159.4435148392763,0.9999207843386058
"ls[2,24]",-0.8793698949068814,-0.2319142732563745,0.6024137969809928,2148.1762186994633,1.0011757234294796
"ls[2,25]",-1.3509496694784922,-0.8817429817331711,-0.33835665189166714,2911.6846702665985,1.0003874257589414
"ls[2,26]",-1.7467788206165338,-1.1357399113623647,-0.44154341894579785,2636.386058289014,1.00052099109197
"ls[2,27]",-1.9175298354806976,-1.4944037485451482,-1.0589860999671814,3095.7943095194673,1.0005082331536865
"ls[2,28]",-1.0413755788207646,-0.2341853734880325,0.7927406556802092,2945.4392413666696,1.0000338348060236
"ls[2,29]",-0.6790524636494637,0.13873227216057654,1.14690770895119,2631.3416552506246,1.0010558817341448
"ls[2,30]",-1.6632152597582197,-1.2671007084777517,-0.89210948820714,2799.4478374663727,1.0002356091283797
"ls[2,31]",-1.9367567937538435,-1.5437138252563076,-1.1541887684740701,3754.485416102683,0.9998138773466286
"ls[3,1]",-1.5241766993077845,-0.6835142314860398,0.2124418080677758,1380.5220151399576,1.0026544788241536
"ls[3,2]",-1.4883463600215572,-0.4193193284417545,0.8773970199087854,1036.710144952686,1.0048753618030595
"ls[3,3]",-0.44331725835129215,0.5899843642552864,1.9123754131339588,943.8365567105905,1.005702417884694
"ls[3,4]",-2.75712171934319,-1.7085634363969064,-0.8222640006251217,1353.835209866159,1.0034728437237739
"ls[3,5]",-2.9695954542765626,-1.466756920185454,-0.18208177686056087,1348.1132820773507,1.0049842447385124
"ls[3,6]",-2.6258869818188773,-1.3239776776434136,-0.06535439360729005,1220.546512821901,1.0032542024139495
"ls[3,7]",-1.6998430277996652,-0.8893052183691834,-0.029688184067833058,742.964754701815,1.0068603082453325
"ls[3,8]",-4.389110341187878,-3.1354889120697873,-2.358207601940632,1433.3634921148328,1.000682567234938
"ls[3,9]",-4.812482841391384,-3.1849405885479705,-2.3417324004300655,1365.442013635087,1.001459263714233
"ls[3,10]",-5.228882470282028,-3.5718156927552984,-2.582561929148132,1580.4074294393754,1.0011748441741193
"ls[3,11]",-4.378765025070278,-3.011995740948719,-2.1488535922236767,1268.1916604348062,0.9999529700279866
"ls[3,12]",-2.9409838783202704,-1.9203090835673735,-1.0961306752453648,1207.7050371406942,1.0014443194263818
"ls[3,13]",-1.481481936296444,-0.15792206272900733,1.2183755405355496,1169.3079643797078,1.0014941399144555
"ls[3,14]",-3.3479483345493897,-1.5068564165455631,0.003848626177669067,1220.8065064788823,1.0006562855950365
"ls[3,15]",-3.8798411326139393,-1.4510172313577834,-0.10691065111198333,1062.9371203634782,1.001741469723537
"ls[3,16]",-4.861797551114894,-2.830353765050898,-1.6613163256381198,1198.8014686556655,1.000946624640779
"ls[3,17]",-5.193502696166056,-2.8918553895855714,-1.6644043994097784,1184.6364093513807,1.0015489726928066
"ls[3,18]",-5.010761733963033,-2.734878051001309,-1.5300515974946607,1140.2110257562506,1.0028021732639105
"ls[3,19]",-4.937362303276368,-3.19313178712905,-1.9469644816402498,1204.5853785659015,1.002642475268799
"ls[3,20]",-3.822074167093419,-2.5625470646125237,-1.6068873524010179,997.638256058001,1.0013708369547616
"ls[3,21]",-2.5231746137027873,-0.8755571145248148,0.7164954678733568,975.3335407045822,1.00444308983158
"ls[3,22]",-2.246373252319025,-0.4421467921598144,1.7245053672113766,644.747817965678,1.0068269888318913
"ls[3,23]",-1.26603818134992,-0.1967135088859921,1.886792959868585,457.47900855820274,1.0104940320415627
"ls[3,24]",-1.5900423411248124,-0.354298005930412,2.3694115756816636,424.25690283072873,1.0115796436505562
"ls[3,25]",-0.5307211882201581,0.9309252899786198,3.358290569827182,521.3459577922699,1.0096699708372587
"ls[3,26]",-1.9578926580979061,-0.607200024441505,2.909693258932768,499.40513930465283,1.0105704075718203
"ls[3,27]",-1.4053082462414503,0.15952405291335608,3.860495524897254,573.5366354922895,1.0079872519075737
"ls[3,28]",0.5987195053359518,2.1003234361946,4.697679455334308,623.9737880226944,1.006797036177792
"ls[3,29]",0.13615817702279095,2.2131450529197436,5.323129111624821,771.9192845755528,1.0040814460847296
"ls[3,30]",1.3463219165665343,2.558657604486102,5.299257067034559,716.0014002508608,1.0056684107297176
"ls[3,31]",-1.8167849110827818,-0.42513464856113636,5.091639523190288,584.843727656936,1.0076000157816036
"ls[4,1]",-1.657397687577474,-0.949875366529638,-0.321294462303101,3779.4207110861084,1.0003311487581321
"ls[4,2]",-2.940935062718604,-1.2152607628798426,0.34368796654796496,3228.34429857537,0.999532415022801
"ls[4,3]",-3.529791187918746,-1.0299206519183146,0.9169329370605734,1673.4572287852536,1.0016062975431543
"ls[4,4]",-4.13017639292269,-2.36900098732904,-1.2858951173902553,3740.7288154192474,1.0008674748446074
"ls[4,5]",-4.456302034138084,-2.108111671650958,-0.6052689795844566,2313.4553705404514,1.0015341665868214
"ls[4,6]",-4.691677125999087,-1.90176145338882,0.2979459581090633,1917.5825953651342,1.0029870154260792
"ls[4,7]",-4.653206055393899,-1.71053770038799,1.0119211105609724,1711.8490616191787,1.0025494915218893
"ls[4,8]",-4.479940465444543,-1.531587436866246,0.4607631087742827,1403.9772451064596,1.0033027677527635
"ls[4,9]",-4.298320570312842,-0.5390067051334628,2.094897427918542,1107.2323940803142,1.003626657445859
"ls[4,10]",-4.204891120851359,-0.2827506120465252,2.5129151520919604,1066.4567839978595,1.0028956247245218
"ls[4,11]",-4.31443199118319,0.023017295365347024,2.8673908515739064,1097.853418704578,1.0029232156263708
"ls[4,12]",-4.216363335650188,0.022978473323561843,2.7863064028034144,1156.5169663113354,1.0024748736065372
"ls[4,13]",-4.30362317593379,-0.16416678355149217,2.058353676314884,1256.740958377338,1.002133418515579
"ls[4,14]",-4.604783392362419,-1.839543969849539,-0.7618640881733213,1394.8536232129386,1.001093830506442
"ls[4,15]",-4.773257329627543,-1.1853086654551444,0.9045260626123273,1222.3856597856795,1.0014152890931467
"ls[4,16]",-4.757584422597142,-1.275533014898771,0.5325146053036048,1232.66818348451,1.001382928879198
"ls[4,17]",-4.676755122874623,-0.7924684711437344,1.3390489129864398,1221.641518913502,1.001032324787036
"ls[4,18]",-4.7416072020263815,-0.5858338386508235,1.8651694099232905,1177.5495634198735,1.0004853158311988
"ls[4,19]",-4.686041029850906,-1.0857058966914264,1.8777240871586078,1160.0684118602578,1.000670478519633
"ls[4,20]",-4.823582428789315,-0.8334455462213349,2.6489366078870713,1187.7960142134102,1.0005399108277733
"ls[4,21]",-4.785169701877838,-0.5694994004440337,2.8364154271902473,1195.368229746838,1.0006583000250873
"ls[4,22]",-4.715191027245685,-0.8890655980392909,2.7350072349836028,1146.6335212385925,1.0015251101324811
"ls[4,23]",-4.570745353451086,-0.9462120416518869,2.5704655152840528,1222.494801115402,1.00153232167123
"ls[4,24]",-4.368910630520637,-1.1027014431858517,1.9932483257588371,1318.1282104392285,1.0011638181796065
"ls[4,25]",-4.029031886515776,-0.4918111945322199,1.7198281488724163,1324.8518365354444,1.0013035067413074
"ls[4,26]",-3.9786830953796377,-1.8714522223800438,-0.2356972216618558,1350.1789337766772,1.0010862555521374
"ls[4,27]",-3.2717247767657276,-1.3361108950945786,0.17846344764312655,1184.2609825587376,1.0032634499318531
"ls[4,28]",-1.927326487687414,0.6081738244829988,2.314886051905939,671.1119128299578,1.0131178958647025
"ls[4,29]",-1.2382970112805092,0.5996218667097111,2.4860443674265604,616.4882025138535,1.0141241779194394
"ls[4,30]",0.6548009783030613,2.0854507617374627,3.2508334529835485,572.2745684208786,1.0152228034416924
"ls[4,31]",-2.702525080998823,-1.1778120712853288,0.1814186057047247,990.1055163160455,1.007440616387166
"s[1,1]",0.20195219502174325,0.31112876954870006,0.4574767770823869,1907.1395748986592,1.002700046708944
"s[1,2]",0.004783757017338867,0.007872791245935746,0.012783951590784088,2047.2810362085122,1.0012187220375803
"s[1,3]",0.06704743545221759,0.13141775052103355,0.24945109965513146,2498.789111469054,1.0004132373159695
"s[1,4]",0.1614042001970567,0.3123590825971303,0.5582626908451602,2371.0249079620357,1.0022230126365046
"s[1,5]",0.040172474134240806,0.07097700445426411,0.1247530326709802,2262.092453553414,1.0007461089067142
"s[1,6]",0.025403022913768142,0.0394000949608113,0.05755002840202096,1637.5696441708449,1.0023696546014904
"s[1,7]",0.06438463804783964,0.1091989151245023,0.1759264936451897,2078.958220435886,0.999957373625718
"s[1,8]",0.42650375856652223,0.6309157949553001,0.8216363552276167,2716.8792063136552,1.0007647868838645
"s[1,9]",0.124904006102518,0.19516214589225273,0.29123006024960624,1739.680709211517,1.0027958587998007
"s[1,10]",0.41259660813312315,0.6313659566030889,0.8230673797084277,2837.6678690452927,1.0001164128487117
"s[1,11]",0.046332108968829715,0.07721297633484586,0.1275381726069658,2120.595401770828,1.0028036159531692
"s[1,12]",0.09209729910662919,0.1739951008267231,0.3299447783028712,2132.603914916135,1.00087231420057
"s[1,13]",0.19760751263803616,0.35424099910121454,0.5835048279776147,2455.5456434445014,1.0013902665524643
"s[1,14]",0.012126460051912112,0.019596753336978225,0.03145207964721635,2041.1141956336262,1.0029241596289644
"s[1,15]",0.07096816320846458,0.1383651048115364,0.26813897867838127,1919.1359412648085,1.0008752794537732
"s[1,16]",0.26874387207047595,0.49575238350982653,0.7700056624062743,2650.899898957677,0.9996831612107148
"s[1,17]",0.11726100494710484,0.24711784790665647,0.5816964570404052,1639.7412502420837,1.002408258105609
"s[1,18]",0.2103300276493348,0.4235281488677878,0.7818382593586768,2147.525628960966,1.0029493423147804
"s[1,19]",0.13664432035600133,0.2976530729108814,0.711030519228308,1446.5515207124965,1.003658581472239
"s[1,20]",0.3058015469555092,0.6137130239485672,0.9257361199518237,2039.1969199119699,1.003610715908314
"s[1,21]",0.4455136165980859,0.8039876088577624,0.9708457561090221,2911.84545367732,1.0011501778550334
"s[1,22]",0.6086550714062987,0.8708581858458955,0.9787489362453341,3317.0917123460254,1.0015939288365632
"s[1,23]",0.3798516554818163,0.7812880665076116,0.9705234239926289,2535.320142386406,1.0029554460267485
"s[1,24]",0.5107858868414482,0.7948480915563956,0.9500462192228782,3068.062071481562,1.001854120330842
"s[1,25]",0.1454727864112152,0.34100422241046224,0.7484601660256618,2097.9639907349347,1.0007787306389995
"s[1,26]",0.16301186725088312,0.31198409154865825,0.5569588321271486,2456.003489754798,1.000017984974791
"s[1,27]",0.007051173805123967,0.012832848133513604,0.023065152780246508,2568.5651359549083,1.0006039589989528
"s[1,28]",0.024057012062033655,0.048511392066349246,0.09468877505906095,2000.9685631001646,1.001686165233772
"s[1,29]",0.16154795925962057,0.30918631781047373,0.566660336125642,2188.5716519955713,1.0017132691425346
"s[1,30]",0.28610433890059067,0.5502248704819963,0.8674991602374296,2278.9722977751408,1.0018714174847823
"s[1,31]",0.40572624451376293,0.7590702289907663,0.9614510672812568,3181.5808225824203,1.0007895279392995
"s[2,1]",0.365015814802333,0.503127370523599,0.6639547913269092,2648.422814031697,1.0004009311463289
"s[2,2]",0.03578735785727481,0.0480047870070749,0.06176089320007623,2944.0850557931244,1.0011268245257023
"s[2,3]",0.3197512388979207,0.4707623176134112,0.6591593617491717,2215.9594859331405,1.0009739900448769
"s[2,4]",0.10929919001655788,0.1747949482461854,0.27467599391635894,4296.0790189745885,1.0004953198183322
"s[2,5]",0.06637114464268883,0.10519621760019662,0.16342068212220962,4194.282022931657,0.9999411925670066
"s[2,6]",0.1647863705240532,0.2280598349564927,0.3045063351568187,3242.1462764298717,1.0005795077698827
"s[2,7]",0.10864621607330158,0.14298214472802875,0.18554468509250627,2725.6390550557303,1.0007406366227816
"s[2,8]",0.6190504080733952,0.7770260951271748,0.8941017589722755,2055.502317510172,1.0006292479956063
"s[2,9]",0.10319774278470817,0.13588602585022297,0.171637338162848,2930.786076246178,1.0004949202163964
"s[2,10]",0.06382088730246585,0.08441123264554919,0.1056995073371217,2742.7032765339422,1.0008504564395568
"s[2,11]",0.054626343540125064,0.07331693859997065,0.09337957407826601,2722.686558611167,1.000606060363437
"s[2,12]",0.0902700556113207,0.12459719211926576,0.16546945102319072,3320.8038856703097,1.0002692295762603
"s[2,13]",0.09459196842129788,0.13982698479776073,0.2103805210446985,3848.833989812113,1.0016821086600585
"s[2,14]",0.05753005577393377,0.08467343751378054,0.1215912511197791,3553.8909420131754,1.0002585494633234
"s[2,15]",0.17641828187416278,0.25498050211507817,0.3608564532611201,3784.7498047848817,1.0002589007323175
"s[2,16]",0.17655650855234933,0.263626174941059,0.3811522563159724,3125.313989257456,0.9999402504897337
"s[2,17]",0.10889073379342672,0.15214780160686114,0.2077676864735405,3563.331495965894,0.9997775972286581
"s[2,18]",0.06846941613116939,0.108093246655726,0.16415413675938081,3598.1587933056007,1.0001410536550637
"s[2,19]",0.14421631110427022,0.2077357846477128,0.2875764339740986,3697.9715969399163,1.0000407580668778
"s[2,20]",0.06695577478478865,0.09990911948003738,0.1478318463855442,3737.6812715072315,1.0003325250233708
"s[2,21]",0.028088970118157565,0.0456823242369645,0.07276983178314232,4190.518955020463,0.9999525131610225
"s[2,22]",0.46064313446713967,0.6437201369471781,0.819168825029728,3051.0336857736597,1.0012548668354002
"s[2,23]",0.18924956113664043,0.27400123676092103,0.38957821365859713,3164.7070316685504,0.9999767430329315
"s[2,24]",0.2933083692482708,0.442279902696406,0.6462083402832245,2297.663849512718,1.0014471272704129
"s[2,25]",0.2057151570077299,0.2928167207047483,0.4162087211846822,2954.6016221979226,1.0004941347443845
"s[2,26]",0.14845394464759581,0.2431033781891022,0.39137326509205117,2458.64484185322,1.0007053361068925
"s[2,27]",0.12813727703321587,0.18326166903443208,0.2575032601539705,3168.5290004792478,1.0005980408784014
"s[2,28]",0.26088466232899205,0.44171976876418473,0.6884194773946265,3142.060744471743,1.0000009857717713
"s[2,29]",0.3364728158449168,0.5346275471623918,0.758945644171532,3021.1523732668143,1.0006898821853862
"s[2,30]",0.15933086269640034,0.2197539670421324,0.29067469605874907,2965.809012297477,1.0002554247267696
"s[2,31]",0.126004597132987,0.1759960428009842,0.23972481927823813,3885.733202396235,0.9999545507860937
"s[3,1]",0.17884730351178169,0.3354774165258276,0.5529116022999795,1394.150006400767,1.0026070728709673
"s[3,2]",0.18417006418383564,0.39667964245880666,0.7062824604516247,958.3441027396915,1.0056159263266304
"s[3,3]",0.3909508177940569,0.6433615547375812,0.87128573996836,924.8772033956787,1.0059186484176488
"s[3,4]",0.05968570012875128,0.1533501741510545,0.30528328689117123,1288.2700496136051,1.0028008050002428
"s[3,5]",0.048818557808128625,0.1874360473403622,0.45460491721529367,1239.5651484494826,1.0039439281153144
"s[3,6]",0.0674908544406779,0.21015727304376539,0.483667214885508,1156.7974829951067,1.0034005318654051
"s[3,7]",0.15448576783146062,0.29125322710223217,0.4925784990805303,738.7829160541919,1.0076030848421913
"s[3,8]",0.012259603547155528,0.04166688226395253,0.08641559640256356,1381.8840357758752,1.0009736106406517
"s[3,9]",0.008062134751442436,0.03973638483929852,0.08772517275655438,1256.574352620852,1.0007049206703451
"s[3,10]",0.005330942648873897,0.027336491740786936,0.07026920841934102,1626.2598175037474,1.0005122086771645
"s[3,11]",0.012385525506021752,0.04688687833215969,0.10443839981165665,1208.0778585748862,1.0005991664359224
"s[3,12]",0.050164374494019365,0.12782710821932913,0.2504656019581782,1108.6843573691904,1.0020411362221906
"s[3,13]",0.1852037013354253,0.46060133899043065,0.7717775458639853,1077.4637283962006,1.0036396624007886
"s[3,14]",0.033962437068355444,0.18140513976677,0.5009621547213997,1115.8655371952545,1.0018197306404582
"s[3,15]",0.020236146811443773,0.18984506994785907,0.4732977665460384,981.1685131361708,1.0032588101980295
"s[3,16]",0.0076771720016435285,0.05570578603707051,0.15958540016161354,1158.223776594141,1.002016363219308
"s[3,17]",0.005521869565450303,0.05255765365516622,0.15917164826121802,1180.9500659202226,1.0018492710585345
"s[3,18]",0.006621700986511565,0.06094638818405453,0.17798613975073885,1230.0536668687064,1.0036135573978402
"s[3,19]",0.007122412267884971,0.03942501959819476,0.12488472881136248,1373.6460592124504,1.0015564436581659
"s[3,20]",0.02141379056152974,0.07158807132640202,0.16702122457367022,994.0363167844134,1.0016306389608318
"s[3,21]",0.07424946298693277,0.2940993209876641,0.6718348288889522,873.1009660408682,1.0043966921364857
"s[3,22]",0.09566289962115708,0.39122955836499174,0.8487082399828572,574.3431975004826,1.0059534705595308
"s[3,23]",0.219936239316316,0.45097960080540733,0.8683894328682489,425.2774178419948,1.010400905717937
"s[3,24]",0.16937793994334246,0.4123405876115488,0.9144647762310433,455.4015049127019,1.0115833104218592
"s[3,25]",0.37034879808726495,0.7172629678024003,0.9663752173192626,564.7061636962212,1.00805998685899
"s[3,26]",0.12369530121055707,0.35269819988133466,0.9483235022083418,446.7862385714587,1.0116919648175322
"s[3,27]",0.19697513890327503,0.5397966531392293,0.9793767099228241,609.0793680030617,1.0077893328335379
"s[3,28]",0.6453632932534918,0.8909346094957296,0.990965897617115,1005.5991020512495,1.0051370685007996
"s[3,29]",0.5339870492963527,0.9014236593615066,0.9951461984018601,1432.5175159025853,1.0026399844864715
"s[3,30]",0.7935276559851097,0.9281529908415099,0.9950295182318764,1516.9305754311135,1.00100711782004
"s[3,31]",0.13982021731277522,0.3952887364450623,0.9938896307225873,551.6288441477714,1.0068731727041274
"s[4,1]",0.1601116612230572,0.2789098886346025,0.42036030991130696,3966.6489155182458,1.0004815898410981
"s[4,2]",0.050166714118060465,0.22877155731284893,0.5850860884662399,2918.70041266008,0.9995177845489905
"s[4,3]",0.028476368659982293,0.26309950620355566,0.7144167538934392,1424.315223676778,1.0016598074745848
"s[4,4]",0.015825582054083596,0.08556729460693982,0.21654841518893791,4162.277108049213,1.00036969626473
"s[4,5]",0.011472073514337905,0.10831098837135553,0.35313918407189243,2149.1351141554783,1.0016003323990028
"s[4,6]",0.009087943662267466,0.12990932491764523,0.5739402944141858,1841.504748374653,1.003509469641783
"s[4,7]",0.009441017990682029,0.15309401319486174,0.7333958692589184,1694.2969821548268,1.001949760666358
"s[4,8]",0.011207070691112393,0.17776157172268936,0.6131951911213392,1508.410007824295,1.0038504492552216
"s[4,9]",0.01340918438786961,0.36841884670457026,0.890406244508761,1186.7520741534988,1.0038174326446427
"s[4,10]",0.01470301030280538,0.4297795564085932,0.9250422139148802,1070.0926212179772,1.003327542080106
"s[4,11]",0.013197679842522249,0.5057540695758906,0.9462106995640768,1156.6508027722323,1.0028868269000586
"s[4,12]",0.014537747139907693,0.5057443629935874,0.9419313295084344,1249.0115569367053,1.0023261629692266
"s[4,13]",0.01333914832818644,0.45905023169933246,0.8867889838015152,1232.862977951914,1.002627690263879
"s[4,14]",0.009904813146542664,0.13710533700890892,0.31824169178184525,1635.6847404082134,1.0007493990669143
"s[4,15]",0.008381950776549393,0.23409930245245786,0.711878626256939,1157.4394961044788,1.0023485375043057
"s[4,16]",0.008513228893630974,0.2183115725071078,0.6300694006008427,1326.2925763374333,1.0014722204172448
"s[4,17]",0.009223355097172483,0.311638888044409,0.7923334703919542,1190.773384104506,1.0012850440306404
"s[4,18]",0.008649160000268814,0.3575913967500756,0.8658983093788933,1126.5858548413687,1.00087784089024
"s[4,19]",0.009138846146298788,0.2524277538128823,0.8673494902814132,1078.6297072691423,1.0011568711395198
"s[4,20]",0.007973849699245047,0.30291705306719074,0.9339454102299654,1250.491069931444,1.0008436473346778
"s[4,21]",0.008283516997199482,0.3613523448863506,0.9446120860209875,1229.3438077131211,1.0016320974473065
"s[4,22]",0.008878625853345649,0.29130269311937873,0.9390610090289918,1224.3815430541817,1.0012632641953505
"s[4,23]",0.010244212346362028,0.27964729743706995,0.9289364285782744,1295.589311310508,1.0012155098478017
"s[4,24]",0.012506641872160508,0.24923412191829045,0.8800863389750888,1587.1882425006806,1.0001647512267002
"s[4,25]",0.01748055081550062,0.37946714870398734,0.8481066437106952,1763.2474553675336,1.0003427552062916
"s[4,26]",0.018366641505096523,0.13337383934216138,0.44134697997000966,2188.4255079170134,1.0002680702278857
"s[4,27]",0.03655409150328093,0.20815034951073424,0.5444978224076986,2302.5099014540474,1.0002680956298633
"s[4,28]",0.12704691215412198,0.6475241106823503,0.9101024124545278,784.6866571959347,1.0099324997238628
"s[4,29]",0.2247327538017778,0.6455697898952447,0.9231576682452916,693.6173555280919,1.0114828720065483
"s[4,30]",0.6580915264985627,0.8894810065746643,0.9627030384672349,533.0187567760868,1.0160086199585823
"s[4,31]",0.0628245996518201,0.23544581966314915,0.5452306613997644,2117.3286912327203,1.00122532032869
"x[1,1]",6.495989186121539,11.841014380684538,22.94953537967447,862.1067741219513,1.0048958158457653
"x[1,2]",24.188709160658835,45.75195880133906,88.81521987559798,889.5634429266464,1.0049330694482725
"x[1,3]",0.969353627362585,2.1696699243418465,4.841442903729099,1161.0795907560687,1.0015474039272876
"x[1,4]",0.6327133046099315,1.3470916563224464,3.1051384556184307,1370.8187805866764,1.0020823118055382
"x[1,5]",5.181182131847328,10.851134734453623,22.481821220060525,983.9761675611547,1.0040564965542933
"x[1,6]",41.85163801901917,79.8589000605507,151.9738325364252,853.2520560101317,1.0047699150040117
"x[1,7]",3.4876249066374188,6.947101195094289,14.17988240138836,973.1753068084605,1.0041573444110126
"x[1,8]",3.309169999840579,6.101697864600393,12.014928138984402,835.1664211900186,1.0063648457574832
"x[1,9]",15.607458641279676,29.601336489301392,58.53570523378392,866.0788996670788,1.0054255240610654
"x[1,10]",3.4398209349185995,6.210878295953741,12.381720678020883,845.2288138946091,1.0075449713704903
"x[1,11]",6.600411896806366,13.23535041436736,26.603223734609315,971.9865586499794,1.0042607631076639
"x[1,12]",1.044177893347542,2.264776528041515,5.035820150413451,1179.0988187218293,1.0030157291117048
"x[1,13]",1.2381458336359197,2.6220567350685196,5.749020533529091,1053.8027240835268,1.004074135591243
"x[1,14]",10.476652778692399,20.016807328175165,39.402281413625275,963.4456516262871,1.00397890263952
"x[1,15]",1.0092430545696691,2.2559102687037145,5.178201674635034,1154.5261442120684,1.0007996985262089
"x[1,16]",0.6288097843720839,1.276508431304174,2.792074213493653,1079.4116755528428,1.003078017786148
"x[1,17]",0.7138819813569534,1.7659168335914845,4.258412368062665,1557.5900806387099,1.0016124775093174
"x[1,18]",0.5789744801105731,1.2585287595616748,2.946628877205588,1471.430585167266,1.001373351735161
"x[1,19]",0.6506031469441603,1.6332237864891372,4.005977027975117,1487.9933531328784,1.001209349301144
"x[1,20]",0.4631003277895462,0.9340584383771132,2.116807101116401,1297.396375504275,1.0052077139240967
"x[1,21]",0.12365652677234701,0.23605686334077913,0.4990917578783007,1066.3395816290097,1.0059689767469449
"x[1,22]",0.3022911725603169,0.5378050748787041,1.0370591519959114,654.0453356028155,1.0088224498275915
"x[1,23]",0.2005777612855093,0.3914914134627229,0.8840021907305478,1294.1281549706223,1.0027652546062564
"x[1,24]",0.3227279446843119,0.6139053272185373,1.1796555959451456,903.6730677208335,1.0064679225303126
"x[1,25]",0.33420787617841907,0.8113074532745361,1.9358013812261818,1475.3587369345955,1.0033210981847935
"x[1,26]",0.743991875306701,1.6260823103685502,3.6235372271358663,1399.0901922412784,1.0029101239640277
"x[1,27]",4.664586352186435,9.268319342917433,18.69902767126417,1086.5123123087444,1.0039271433430101
"x[1,28]",1.6446796664150183,3.568240604521624,7.97295072040118,1124.066464508046,1.002885717466479
"x[1,29]",1.2619728951240472,2.6573253077661074,5.782047231134193,1242.310609571898,1.0030230089191847
"x[1,30]",0.8326803561287477,1.7027939379614296,3.865897685220151,1032.319515764588,1.0050669560880858
"x[1,31]",0.20879838728374567,0.40310368080583303,0.8691816026440013,1189.7089002937043,1.003419935925613
"x[1,32]",0.07101162378074008,0.24661733586613666,0.7900492405712829,1806.674247675531,1.0013801435748972
"x[2,1]",0.17045045719245705,0.2791882949625868,0.5024601367752455,541.8960419417053,1.0102529416766384
"x[2,2]",2.203323966939801,3.5433731434674174,6.1723465611344706,512.3450800265023,1.011363082006433
"x[2,3]",0.20390612303673888,0.350607883889846,0.6531210054123866,626.162055695424,1.0100747106862216
"x[2,4]",0.16411663836967696,0.2730478357638357,0.49306822572403786,577.2960039253993,1.0096059243174944
"x[2,5]",0.23828841301580816,0.40193176485968674,0.7113243087166994,570.4336182924989,1.0104549827998657
"x[2,6]",0.453001397777049,0.7499360630623166,1.2955107578845304,552.1893085262087,1.0109687023500735
"x[2,7]",1.8265267719874176,2.950490033690497,5.138306960306834,497.24675079866057,1.0112657022530658
"x[2,8]",0.45472483287231724,0.7226537803606017,1.2499921957492863,462.9608872868256,1.0119250278126724
"x[2,9]",2.221378214880284,3.5825262163615967,6.2278793038556115,530.3998268707634,1.0110807020726196
"x[2,10]",3.4632039500210245,5.532640008617431,9.6511047523554,506.90003611676923,1.0110381121481138
"x[2,11]",2.291188629652878,3.6906065182811187,6.454988921101687,505.86307446844756,1.011249562744995
"x[2,12]",0.6063019912046865,0.9826495985037063,1.7407067640512435,540.8991136351569,1.0102814100256072
"x[2,13]",0.22594043579246356,0.38259496325804415,0.6842914985069077,552.7367034018164,1.0092585297877659
"x[2,14]",0.5432037002148702,0.8675717984454213,1.5430183435474187,542.7429471643125,1.0099739729806596
"x[2,15]",0.22994374981889285,0.37650735743857877,0.6865717084756455,528.8802109550004,1.0114541105578312
"x[2,16]",0.18151741158127366,0.30800726352376684,0.5465113879077045,666.9183922348749,1.0086482610900733
"x[2,17]",0.35725845266070705,0.5859985297650916,1.0166184797558577,630.3638066329383,1.0092321244021207
"x[2,18]",0.2614554544269746,0.4336662379398564,0.7511961536750975,581.000854511085,1.008898209556033
"x[2,19]",0.30277076107437473,0.5003446725676488,0.8757723196505505,542.8326326394255,1.0100911457168882
"x[2,20]",0.2911071382453756,0.47328565206691814,0.8369797216176216,562.969334193719,1.0100259032924224
"x[2,21]",0.3077305067313359,0.5115071406718605,0.9088612048703567,526.4828018027058,1.010757630273803
"x[2,22]",0.09622268384989333,0.16109964808098845,0.2955217820183932,668.2192198919012,1.0107790157049672
"x[2,23]",0.2539561760167612,0.42299879597692225,0.7571336918662894,538.1268262586121,1.0099724399394552
"x[2,24]",0.14874234936476502,0.2554201004247488,0.47275584643230106,643.6317163535945,1.006979435380725
"x[2,25]",0.25775630296516616,0.4268255766646453,0.7601849973101352,571.8557994388017,1.0107023737880225
"x[2,26]",0.14370736934238537,0.2577534714719082,0.4898511285043019,682.8319527238211,1.0073845871272538
"x[2,27]",0.28991864593185357,0.4816514233406809,0.8551578371799954,537.235965790916,1.0095483157154397
"x[2,28]",0.06439035662796659,0.11546393706754908,0.22286018336591004,697.4930308586265,1.0083432898051943
"x[2,29]",0.09551910647989426,0.1652804526988586,0.31699087155153316,657.9473364965103,1.0111645231566209
"x[2,30]",0.49021709595786417,0.788024137933083,1.3778235971270907,524.4251207078199,1.0108732435609804
"x[2,31]",0.5333251144655223,0.8645271135418326,1.5165995106440744,524.162639813672,1.0098359917678288
"x[2,32]",0.1577035466780524,0.2614627575723979,0.47533840949847506,532.4157665123764,1.0094697935188757
"x[3,1]",0.0732311243842109,0.11528913918153508,0.19505774192166625,664.1248993904,1.0095761457653993
"x[3,2]",0.08782114026130183,0.13733918821828517,0.2340699810759695,568.4808787597772,1.0107074346279494
"x[3,3]",0.11056976476635111,0.16704565542935926,0.2734084222532974,548.0086436590548,1.0103495165958305
"x[3,4]",0.10277687324058819,0.16023770271510218,0.2692472965708272,530.8871586037397,1.0109596601859454
"x[3,5]",0.028053731791486684,0.0474178845129333,0.08695704915703333,682.7980416446783,1.0093623887285326
"x[3,6]",0.02456885036654286,0.04204218318775771,0.0751488177648243,846.250659855963,1.0074477707170197
"x[3,7]",0.10671400515871815,0.16603888882633616,0.27647139943843035,511.28179076014493,1.0102494162325173
"x[3,8]",0.2703663771229689,0.415613779209861,0.6960502931326638,505.90082331016436,1.0115965984922513
"x[3,9]",0.35122904496093393,0.5345027455525542,0.903634277676932,475.60732815590524,1.0120849703831358
"x[3,10]",0.30876715515963493,0.4735239089320437,0.7914339594131403,477.34439345026635,1.0118805382692104
"x[3,11]",0.2983263928985183,0.4557320625433843,0.7682291190655248,489.179299885015,1.0123335170663044
"x[3,12]",0.17009187687892205,0.2619719606155161,0.4419711133887718,484.45469263753427,1.0116965938953946
"x[3,13]",0.07856970821584418,0.1196023322938981,0.2001823972223667,565.7739450361121,1.0106204477854333
"x[3,14]",0.032207609028720816,0.053472920569989646,0.09525913985309352,712.3564991412411,1.0072756142049075
"x[3,15]",0.044817461362524055,0.07369052212178734,0.1299958199090618,547.3238566128764,1.0102376499971688
"x[3,16]",0.05897109562561355,0.09668874722533041,0.1635931862314491,577.220669784539,1.0096686059975972
"x[3,17]",0.049313114992789446,0.07949782296616846,0.13590695156534546,582.789102948762,1.0107327979880336
"x[3,18]",0.0557195899982261,0.08714939667457339,0.1486773093658816,511.36296339323815,1.0114163767422852
"x[3,19]",0.026775973012891884,0.04618899424811389,0.08326229389043678,701.0833924646415,1.0101900553006602
"x[3,20]",0.06413221304614222,0.10221993407372468,0.17398499951281515,578.3576492311219,1.0086022162112558
"x[3,21]",0.02905586415624086,0.047107746992536864,0.08308233554176271,753.8388393436007,1.0092118361799738
"x[3,22]",0.01320165499814915,0.02335786106200262,0.04347355326210103,756.6457222271907,1.0069821041770708
"x[3,23]",0.0631281252746391,0.09958443787679333,0.17196886649175458,506.61673679508345,1.0104984003659492
"x[3,24]",0.07065169256393851,0.11418324255786381,0.19618589972736217,542.8565516167959,1.0103884601030673
"x[3,25]",0.07322208219127653,0.11161942708437927,0.1797283251494557,569.2837218461726,1.0091945850076107
"x[3,26]",0.07720999662353047,0.12477342348757364,0.21710516138232305,539.4193732549355,1.0126889627217897
"x[3,27]",0.03792759701423856,0.06052542251960029,0.10729031550832448,758.6438590742177,1.009268374475091
"x[3,28]",0.05724855016538287,0.08807679164620495,0.1423072541781068,648.3807624424425,1.0086804071049613
"x[3,29]",0.02959614217940941,0.04916132186565305,0.08526849524239259,677.2357959111191,1.0080140128550938
"x[3,30]",0.05357104644693875,0.08538321433673898,0.14179697779205722,488.07605216674966,1.0131706950738983
"x[3,31]",0.10748910912599025,0.16863348946323448,0.286003620149526,532.7391921553434,1.0115874937413414
"x[3,32]",0.09547878262996261,0.15067000067030203,0.25551222545493235,658.3553759128021,1.0097641775706108
"x[4,1]",0.1079353815583853,0.14055713997001984,0.20388731989343042,1568.5513292591243,1.0013554681900945
"x[4,2]",0.058555991391491966,0.0791607250603669,0.1185558806924978,1920.5325856763945,1.0001393244162224
"x[4,3]",0.05837298087250818,0.07749882122723264,0.11260522607087987,1598.1395506588444,1.0012071534411777
"x[4,4]",0.09826097489881026,0.12741431732494424,0.18024619519368795,1747.9846288371555,1.000332833135491
"x[4,5]",0.027601291223155903,0.03967323288395698,0.06130721913845118,1951.2555893748165,1.0003360032960866
"x[4,6]",0.010018625145762731,0.01625339018444797,0.027272056676026606,2167.1304039226643,0.9995965562177219
"x[4,7]",0.007977207235284051,0.013435822502524664,0.023230715156367276,1906.3169770722445,1.00099781104427
"x[4,8]",0.03623114275382793,0.05179225438665571,0.0781830537604425,1856.9561122512978,1.000955274636121
"x[4,9]",0.021871982481963727,0.031824279419653406,0.047655528909439596,1807.98342061234,1.001297442554154
"x[4,10]",0.026625141752078425,0.037022907174316014,0.05579761671117807,1865.343740512756,1.000814381329667
"x[4,11]",0.021363217536070057,0.032740050410026166,0.05072638743623589,1960.6064194253147,1.0010815866303446
"x[4,12]",0.029833377893654617,0.04041946349033314,0.059397522936530105,1774.7139256210362,1.000489418170463
"x[4,13]",0.040580692003654495,0.054573883121174574,0.08082366819352672,1667.3522084262645,1.0016436070612211
"x[4,14]",0.05987612149898363,0.07850344013737351,0.11236467188269111,1747.4030753577267,1.000860823381464
"x[4,15]",0.015827503730377498,0.023706110104463784,0.037083220340408424,1934.2399936858433,1.00213690715499
"x[4,16]",0.016059689921218315,0.023304893450286933,0.03553704640088721,1967.6427434112923,0.999745380274653
"x[4,17]",0.008139660523158548,0.01279687557008601,0.020838583104518235,2386.3361996161716,1.0008335306019351
"x[4,18]",0.006322046821428128,0.010197940794007557,0.016740050221284046,2293.6830554799517,1.0004362137863805
"x[4,19]",0.006931845806392874,0.010865589925845031,0.017778221728322652,2222.9053078407424,1.0010422312795526
"x[4,20]",0.0030821579358470985,0.006061007189423246,0.011000320919015346,2112.7371238608916,1.0003771891440973
"x[4,21]",0.00698350110704633,0.011217384366427462,0.018197924897151815,2182.786362409849,1.0014754805309034
"x[4,22]",0.01225423148717821,0.019215626834611945,0.03177474340516905,2137.4475348118167,0.9999692897436019
"x[4,23]",0.010641379596272637,0.015869630094318878,0.025410690331505646,2152.735847938226,1.000146337267486
"x[4,24]",0.03663226528407519,0.05142885931034359,0.0768285233964165,1696.083271006699,1.000944516921698
"x[4,25]",0.04701866924167305,0.06573776631748424,0.09964732597983338,1580.65181440497,1.0021938627021745
"x[4,26]",0.07580832220654388,0.09984926277912817,0.1426797328314656,1731.2838362487987,1.0005770136300616
"x[4,27]",0.04850321310065693,0.0671682107172338,0.10037398700988659,1502.8021166162023,1.0025117756723587
"x[4,28]",0.035262512757235236,0.049041598620868807,0.07337990326891711,1531.1887084272528,1.000750368252188
"x[4,29]",0.07870944855880362,0.10220535132050534,0.14647125054987686,1708.5270625729863,1.0004001183950562
"x[4,30]",0.07184483696706288,0.0984850331788569,0.14686074445585293,1308.3255061095347,1.003246762609227
"x[4,31]",0.12605548876361605,0.16144426689292934,0.22701632414849343,1644.0006444589915,1.000090610649555
"x[4,32]",0.09049646932202562,0.1196673467171277,0.17393074729374075,1582.9960828192084,1.0011410575246047
lp__,-3770.62722318885,-3757.2451848322,-3744.284831054003,755.5190390776688,1.006611463422683
