name,lower16,middle,upper84,Rhat_max,div,sim
sig_obs,0.2796898974027744,0.30797495613310755,0.3526424137609548,1.0238788671855519,0.024,1
sig_obs_sd,0.6135555713104364,0.6784902286650387,0.7740242224852446,1.0238788671855519,0.024,1
sig_phi,0.3506417571380755,0.8870572587193215,1.8351469502689883,1.0238788671855519,0.024,1
sig_rho,0.4502453046068982,0.6793003543881925,0.908811468087855,1.0238788671855519,0.024,1
sig_obs,0.23380852342244932,0.2637274330481486,0.29085740483532696,1.0286278473213624,0.004,2
sig_obs_sd,0.5295356928317061,0.5950978453054822,0.6581439714914948,1.0286278473213624,0.004,2
sig_phi,0.7648352608247921,1.6151971510731873,2.938934998047353,1.0286278473213624,0.004,2
sig_rho,0.7283205812885618,0.8337624052413124,1.066649195457077,1.0286278473213624,0.004,2
sig_obs,0.12362793074458377,0.13765117233798302,0.15156234084207926,1.0220180743502614,0,3
sig_obs_sd,0.5338977363407564,0.5952440758828014,0.6542005654380866,1.0220180743502614,0,3
sig_phi,0.9144350667326152,1.3266028622096457,1.8942600491786963,1.0220180743502614,0,3
sig_rho,0.6976886293555296,0.8733995138094063,1.0680160981995044,1.0220180743502614,0,3
sig_obs,0.5051540409097157,0.5573375839501375,0.6079008646401578,1.0011208185474951,0,4
sig_obs_sd,0.6672546175073674,0.7361160871363426,0.8030556400842475,1.0011208185474951,0,4
sig_phi,0.011769767684628566,0.1657157498841822,0.5645154518007559,1.0011208185474951,0,4
sig_rho,0.5166387044447944,0.6765633249978671,0.863687119453594,1.0011208185474951,0,4
sig_obs,0.26800660912627333,0.294598410909415,0.32831994867673503,0.9986517560807333,0,5
sig_obs_sd,0.6556856772801897,0.7202616262939556,0.8032593098550074,0.9986517560807333,0,5
sig_phi,0.7277042967466479,1.00126064906504,1.405086328058547,0.9986517560807333,0,5
sig_rho,0.17768346211139122,0.3402915385773122,0.5379545716403875,0.9986517560807333,0,5
sig_obs,0.2999751709497789,0.31816972805920735,0.3663614706857006,1.0094101252370482,0,6
sig_obs_sd,0.6246832661271673,0.6621429257981711,0.7629606132602421,1.0094101252370482,0,6
sig_phi,0.4203133669471138,0.7706542905336418,1.3171458597320254,1.0094101252370482,0,6
sig_rho,0.6991043050877334,0.9204827091873622,1.1478359816295305,1.0094101252370482,0,6
sig_obs,0.28970457012678996,0.32077070698114274,0.34630504289944636,1.0174961736238293,0.05,7
sig_obs_sd,0.632389982083475,0.7002455380523731,0.75592368486552,1.0174961736238293,0.05,7
sig_phi,0.00875979242389128,0.11818231305039367,0.36749805180527256,1.0174961736238293,0.05,7
sig_rho,0.6240732596857084,0.8433324459950103,0.9716411778200927,1.0174961736238293,0.05,7
sig_obs,0.2829097242892426,0.3239639523041112,0.358995543795504,1.0148519770991347,0.004,8
sig_obs_sd,0.44367046442460967,0.5077005702799507,0.5626821499430631,1.0148519770991347,0.004,8
sig_phi,0.38559059006309654,0.5960675445867547,0.9440434269329225,1.0148519770991347,0.004,8
sig_rho,0.8278878488004345,1.0231457180729793,1.2453198619550783,1.0148519770991347,0.004,8
sig_obs,0.37912599515264717,0.41705603435592065,0.4587563942202068,0.9987976823898433,0,9
sig_obs_sd,0.630682518280019,0.693800990180713,0.762736884989797,0.9987976823898433,0,9
sig_phi,0.4438941331479868,0.8865945313795759,1.6581520470606115,0.9987976823898433,0,9
sig_rho,0.5754387985798312,0.7335596873376358,0.9122816949580232,0.9987976823898433,0,9
sig_obs,0.3947160181547813,0.45011042634153886,0.49468070543111514,1.0227930588908787,0.018,10
sig_obs_sd,0.49149703601557493,0.5604713214668671,0.6159682210468362,1.0227930588908787,0.018,10
sig_phi,0.22006019960704906,1.4598381530936344,4.844646424027472,1.0227930588908787,0.018,10
sig_rho,0.8752631254181236,0.9973071337836963,1.1763746576562015,1.0227930588908787,0.018,10
sig_obs,0.300178609905208,0.3227360315310587,0.3640563791851629,1.0011679656234798,0,11
sig_obs_sd,0.5912032538378115,0.6361699510523986,0.717020153968537,1.0011679656234798,0,11
sig_phi,0.30621548832721346,0.49077136213599715,0.7475405701388687,1.0011679656234798,0,11
sig_rho,0.5551666238665722,0.7500305482114662,0.9391894775061935,1.0011679656234798,0,11
sig_obs,0.3383756832901388,0.3806239863598475,0.42476372514219585,1.0168624728407616,0,12
sig_obs_sd,0.47868072571635245,0.5386274702954396,0.6004138827139884,1.0168624728407616,0,12
sig_phi,0.4128356480813021,0.6391289511345373,0.9967925411949626,1.0168624728407616,0,12
sig_rho,0.7374406081467819,0.911629905147747,1.0990341700473691,1.0168624728407616,0,12
sig_obs,0.44000290583928486,0.4889931456958947,0.5361776669350621,1.0068201921372644,0.004,13
sig_obs_sd,0.5420773157474104,0.6026210643194471,0.660719972413816,1.0068201921372644,0.004,13
sig_phi,0.24862412355016497,0.5246654780667859,0.824265733170951,1.0068201921372644,0.004,13
sig_rho,0.5865424390791135,0.7082631071416601,0.9261109410333345,1.0068201921372644,0.004,13
sig_obs,0.10952274305132781,0.11833569267754887,0.13614106188902653,1.009390618799342,0.002,14
sig_obs_sd,0.5622259868794824,0.6090862524852996,0.6979748512642153,1.009390618799342,0.002,14
sig_phi,0.636733605269665,0.8976751714037531,1.1089287185899994,1.009390618799342,0.002,14
sig_rho,0.7910974497810561,0.9994886450850304,1.2272215985188426,1.009390618799342,0.002,14
sig_obs,0.10206756112730686,0.11247424844402157,0.12471841796222949,1.0027032471790966,0,15
sig_obs_sd,0.505689873969528,0.5573447911626667,0.6162339448311801,1.0027032471790966,0,15
sig_phi,0.45166811058153344,0.8472168051533306,1.387581718131617,1.0027032471790966,0,15
sig_rho,0.6434321099115481,0.7996825330946026,0.9611826492208022,1.0027032471790966,0,15
sig_obs,0.1013857934615601,0.11313111283018631,0.12282749359115977,1.0082393002058285,0.004,16
sig_obs_sd,0.615647529553324,0.6804140672071441,0.7453397220261562,1.0082393002058285,0.004,16
sig_phi,0.47580957471163243,0.7414877784186736,1.163053967706029,1.0082393002058285,0.004,16
sig_rho,0.5787303236021355,0.7375353331487343,0.9154049962957551,1.0082393002058285,0.004,16
sig_obs,0.21175032664199328,0.23060704609552563,0.25179597032124335,1.0271492313894557,0,17
sig_obs_sd,0.5226910685598037,0.5722814029715616,0.621869966155461,1.0271492313894557,0,17
sig_phi,-0.010554035109447085,0.047197541539785975,0.2625305571844316,1.0271492313894557,0,17
sig_rho,0.959826224939754,1.149214393020331,1.351930812972342,1.0271492313894557,0,17
sig_obs,0.196411313202493,0.2192478057496988,0.24080044438586617,1.0036862968325602,0.004,18
sig_obs_sd,0.5623413194571586,0.6271337648913327,0.6889821634287745,1.0036862968325602,0.004,18
sig_phi,0.006577005941406681,0.15870599526821352,0.46372472960517674,1.0036862968325602,0.004,18
sig_rho,0.651691901682353,0.844032650282257,1.0395999240886638,1.0036862968325602,0.004,18
sig_obs,0.21697110556849186,0.24550316443359266,0.260048094535946,1.0779886131231482,0.114,19
sig_obs_sd,0.6071170394127178,0.6868333604399989,0.7277165527859428,1.0779886131231482,0.114,19
sig_phi,0.6182210370330123,1.0598104811407913,1.9492428088122022,1.0779886131231482,0.114,19
sig_rho,0.5679256672778981,0.69232149480701,0.9130272233214567,1.0779886131231482,0.114,19
sig_obs,0.23946024477961642,0.26111182524289467,0.2922197960223686,1.0256093145700393,0.006,20
sig_obs_sd,0.6684928721838729,0.7289396374496961,0.8157825055515495,1.0256093145700393,0.006,20
sig_phi,0.131540596273382,0.26554175713726436,0.44155073982786475,1.0256093145700393,0.006,20
sig_rho,0.5780587769452729,0.8148417615088774,1.0436419773139736,1.0256093145700393,0.006,20
sig_obs,0.14353011868221127,0.15395641379120634,0.17208695954959122,1.0019656361687275,0,21
sig_obs_sd,0.6701156047905701,0.7255627415492072,0.8036659446075707,1.0019656361687275,0,21
sig_phi,0.33956037310675735,0.6295681459145253,1.2015989070126434,1.0019656361687275,0,21
sig_rho,0.5519325953793293,0.6443201935895715,0.8775021579287902,1.0019656361687275,0,21
sig_obs,0.12509593956368847,0.13949840504456235,0.15120041733541628,1.0036369054246372,0.004,22
sig_obs_sd,0.6213909839765581,0.6886697826503042,0.7519937553415467,1.0036369054246372,0.004,22
sig_phi,0.28787899046570115,0.4371831676101986,0.6148136551479045,1.0036369054246372,0.004,22
sig_rho,0.33158478068570646,0.49541520422436747,0.6553962344228693,1.0036369054246372,0.004,22
sig_obs,0.23026873703468426,0.25205848923996776,0.279634057913563,0.9984518889221351,0,23
sig_obs_sd,0.5324583993529258,0.5830735227121083,0.6480371872005538,0.9984518889221351,0,23
sig_phi,0.7032699943373971,0.9892745797826726,1.5216029115968668,0.9984518889221351,0,23
sig_rho,0.8596195167922283,1.0318773660329223,1.2066479150146219,0.9984518889221351,0,23
sig_obs,0.1961967678011568,0.21850374161888814,0.24167929439864913,1.0256274869963131,0.006,24
sig_obs_sd,0.6252310302191971,0.6908293787518511,0.7701523822464023,1.0256274869963131,0.006,24
sig_phi,0.33271917466147033,0.543119178108079,0.7628772292449036,1.0256274869963131,0.006,24
sig_rho,0.8729992826701383,1.0754445487012512,1.323633115786061,1.0256274869963131,0.006,24
sig_obs,0.23869478499249416,0.2636619309964147,0.28896172575631074,1.0112474704697565,0.002,25
sig_obs_sd,0.671393869923596,0.7406564114831916,0.8127175579385927,1.0112474704697565,0.002,25
sig_phi,0.11196225154663564,0.44093010595209536,1.4535631299866474,1.0112474704697565,0.002,25
sig_rho,0.6133183560405188,0.7017474983855639,0.9107581809336426,1.0112474704697565,0.002,25
sig_obs,0.18144582738852183,0.19849668162268713,0.21729364470055273,1.0589671613518497,0.004,26
sig_obs_sd,0.5204750256534022,0.5698634702490486,0.6231544645256645,1.0589671613518497,0.004,26
sig_phi,0.011544058764726658,0.3605072613750733,0.8526745506050168,1.0589671613518497,0.004,26
sig_rho,0.7161243933669544,0.8739331068880792,1.0447203969691774,1.0589671613518497,0.004,26
sig_obs,0.1762478263479602,0.1884862793313571,0.21866675391432436,1.0113644788927885,0,27
sig_obs_sd,0.6377555039394248,0.694627895640938,0.791224198594668,1.0113644788927885,0,27
sig_phi,0.7328902851407542,0.9503257736327402,1.2742378448916822,1.0113644788927885,0,27
sig_rho,0.4666966438806893,0.6731107019563131,0.9034076953756193,1.0113644788927885,0,27
sig_obs,0.2624342569836994,0.28490988263521855,0.3315331314690645,1.0388441462480356,0.006,28
sig_obs_sd,0.6352209249169684,0.6943239963492847,0.803101138961535,1.0388441462480356,0.006,28
sig_phi,0.3174255946099507,0.5921705320515835,1.0891983739140534,1.0388441462480356,0.006,28
sig_rho,0.4119639437464784,0.607817649711804,0.8176321228112362,1.0388441462480356,0.006,28
sig_obs,0.23794478238005645,0.2643588747986145,0.2958925611078379,1.0027285415905824,0,29
sig_obs_sd,0.5729663845094941,0.636106815749159,0.7124820869600325,1.0027285415905824,0,29
sig_phi,0.5305134708687201,0.7352606241258776,1.130524098422945,1.0027285415905824,0,29
sig_rho,0.38462879183310733,0.6716859964908115,0.7987665884371397,1.0027285415905824,0,29
sig_obs,0.24689299594201583,0.2921887304957392,0.32358115247045593,1.039868990031791,0.008,30
sig_obs_sd,0.46787419597896757,0.553527557792793,0.613170650542464,1.039868990031791,0.008,30
sig_phi,0.678613175162318,1.2344062352314158,1.658829986755826,1.039868990031791,0.008,30
sig_rho,0.8676823032591183,1.0433969776552916,1.2707349689515246,1.039868990031791,0.008,30
sig_obs,0.2313894832527988,0.26984941502726,0.29351035844843515,1.0012382798436514,0,31
sig_obs_sd,0.5328226678814767,0.6156830207004744,0.6765468218070994,1.0012382798436514,0,31
sig_phi,0.36152972432899244,0.5871800728936689,1.100641196406358,1.0012382798436514,0,31
sig_rho,0.7300265238468551,0.9145260641184676,1.091535884450664,1.0012382798436514,0,31
sig_obs,0.11241507138012594,0.12559934472465936,0.13968795168871373,1.0223130511176415,0,32
sig_obs_sd,0.4618495347306755,0.5166034607567677,0.5731722699067916,1.0223130511176415,0,32
sig_phi,0.2527915112025937,0.38340859839340946,0.6180401980792486,1.0223130511176415,0,32
sig_rho,0.9225379263913437,1.077384347112059,1.2952090896405843,1.0223130511176415,0,32
sig_obs,0.41397383049638514,0.45656920786083166,0.49743215189971524,1.0095837288115832,0,33
sig_obs_sd,0.5613867058624868,0.6187108301694945,0.674528120632233,1.0095837288115832,0,33
sig_phi,-0.00232184031552891,0.04873148111504935,0.2269518228358497,1.0095837288115832,0,33
sig_rho,0.644305952952559,0.8043803709540792,0.9676277894351045,1.0095837288115832,0,33
sig_obs,0.47499249639352364,0.5245366414738231,0.5825244189204225,1.0050704418275074,0.002,34
sig_obs_sd,0.5747756391146105,0.6348044513131506,0.7050546241917242,1.0050704418275074,0.002,34
sig_phi,0.3260071767482469,0.6826612171753944,1.3585265196727188,1.0050704418275074,0.002,34
sig_rho,0.5244091363452617,0.75818876684102,0.9363111141987426,1.0050704418275074,0.002,34
sig_obs,0.16518446633304643,0.1897416975564638,0.20710366907761923,1.03513631092287,0.002,35
sig_obs_sd,0.5659463472382261,0.6510033028669157,0.709631372111939,1.03513631092287,0.002,35
sig_phi,0.03242298782441837,0.3358654095558909,0.9635333494822398,1.03513631092287,0.002,35
sig_rho,0.7134294285678192,0.818786672470427,1.0292418131293226,1.03513631092287,0.002,35
sig_obs,0.21744326284689047,0.23077279294786984,0.2572713218731744,1.0009864623233582,0,36
sig_obs_sd,0.6553014200330375,0.6974652638892538,0.7754976273935874,1.0009864623233582,0,36
sig_phi,-0.0017825204152723052,0.06244689316151032,0.22774340703677157,1.0009864623233582,0,36
sig_rho,0.7021035881062412,0.8684081834133291,1.0802313930703644,1.0009864623233582,0,36
sig_obs,0.22328527211392715,0.2485091551722108,0.2746959124129631,1.0017113321076767,0.026,37
sig_obs_sd,0.49069357905518646,0.5471336346966106,0.6037619529043762,1.0017113321076767,0.026,37
sig_phi,-0.08297683239822676,0.5930943987732477,3.0487325217236165,1.0017113321076767,0.026,37
sig_rho,0.5636459213193636,0.684792130261925,0.8519745297437128,1.0017113321076767,0.026,37
sig_obs,0.5155377628960722,0.5785812260634103,0.6420074619991633,1.0064343916256384,0.006,38
sig_obs_sd,0.5227592017282253,0.5866197271015031,0.6510582851491774,1.0064343916256384,0.006,38
sig_phi,0.6113499739779369,1.0730037063490616,1.808507156681744,1.0064343916256384,0.006,38
sig_rho,0.3299319698472035,0.47247480713683343,0.6544134562990914,1.0064343916256384,0.006,38
sig_obs,0.3109129472163878,0.3438079668158337,0.3772799403061092,1.0019610067943865,0.002,39
sig_obs_sd,0.5232331975437389,0.5792318189661847,0.6347775957062585,1.0019610067943865,0.002,39
sig_phi,0.2409251390610656,0.43813475684637504,0.9353953902329013,1.0019610067943865,0.002,39
sig_rho,0.722536445361071,0.8216577864010148,1.0533190638667411,1.0019610067943865,0.002,39
sig_obs,0.3731426418614708,0.4103256757585503,0.4683922802960688,1.004462940908781,0,40
sig_obs_sd,0.42587694473735077,0.4689428300387606,0.5345898178705255,1.004462940908781,0,40
sig_phi,0.19166615862625955,0.7756193339990218,2.877772647398893,1.004462940908781,0,40
sig_rho,0.6745582165147199,0.8053781116186015,1.0113491421561245,1.004462940908781,0,40
sig_obs,0.314506269272014,0.35921158038325973,0.39678263464488533,1.0304211427248082,0.002,41
sig_obs_sd,0.5121467700701553,0.5842390329008178,0.6464320385912619,1.0304211427248082,0.002,41
sig_phi,0.3791985568420373,0.7806427823592893,1.301052627762507,1.0304211427248082,0.002,41
sig_rho,0.6849929019485068,0.8792968389058539,1.0949588842653308,1.0304211427248082,0.002,41
sig_obs,0.13994537262805773,0.15378548081495513,0.17020387527513506,1.0052775371476192,0,42
sig_obs_sd,0.45550008497531136,0.5011219731450859,0.5531407258493659,1.0052775371476192,0,42
sig_phi,0.2964695621664637,0.6188677491685701,0.7591615183073778,1.0052775371476192,0,42
sig_rho,0.5677380311195426,0.7341038592781366,0.8057699756897112,1.0052775371476192,0,42
sig_obs,0.24752659734065258,0.2727797050422268,0.2977470868748325,1.024296849497314,0,43
sig_obs_sd,0.5612256657881146,0.6190222579568038,0.6749814639314029,1.024296849497314,0,43
sig_phi,0.7114931595208044,0.9931292551535211,1.4409812765455954,1.024296849497314,0,43
sig_rho,0.4490732349657502,0.5989469301645772,0.7534422622852085,1.024296849497314,0,43
sig_obs,0.3098765874890511,0.34265167137931507,0.37532955546307595,1.0310000577244103,0,44
sig_obs_sd,0.6455695547219327,0.7135525120249271,0.7818496224737012,1.0310000577244103,0,44
sig_phi,0.3417251166792836,0.5522481292584933,0.8582769935421283,1.0310000577244103,0,44
sig_rho,0.7788951809045723,0.8857404982925294,1.081945686752284,1.0310000577244103,0,44
sig_obs,0.08156683350519574,0.089498832231004,0.0976062111757669,1.0111989147604408,0.008,45
sig_obs_sd,0.5449278562388321,0.600449408601927,0.6530697672781239,1.0111989147604408,0.008,45
sig_phi,0.41702805217598465,0.6635851663849237,0.8685988531488577,1.0111989147604408,0.008,45
sig_rho,0.8311314281691725,0.9765606483200775,1.1417951576620267,1.0111989147604408,0.008,45
sig_obs,0.3923835230092797,0.4355246105935924,0.47950761829422933,1.0059500096025862,0.006,46
sig_obs_sd,0.698466769406732,0.774174264579321,0.85313931169528,1.0059500096025862,0.006,46
sig_phi,0.10221627025669323,0.39543057395508924,0.8979343690093619,1.0059500096025862,0.006,46
sig_rho,0.11987544796556039,0.40401786506073045,0.6059817249671613,1.0059500096025862,0.006,46
sig_obs,0.25768120980027676,0.2866683554147963,0.31622729015794376,1.0088546031980605,0.004,47
sig_obs_sd,0.47291285094114577,0.5267080692496434,0.5805353327152556,1.0088546031980605,0.004,47
sig_phi,0.5966104878114894,0.98598521397259975,1.4180193410286643,1.0088546031980605,0.004,47
sig_rho,0.6587614119208486,0.8478698777472826,1.007424920949332,1.0088546031980605,0.004,47
sig_obs,0.34225360622138246,0.37826109664654906,0.4171826025770707,1.036202585053268,0,48
sig_obs_sd,0.6682953676635669,0.7389798370489112,0.814641471685183,1.036202585053268,0,48
sig_phi,0.45661451379267237,0.6805499126492194,0.9502007489680673,1.036202585053268,0,48
sig_rho,0.5107781131488922,0.6567369972260029,0.8824301202765523,1.036202585053268,0,48
sig_obs,0.32988758489232356,0.38401006829164736,0.4142886213194071,1.02813083193428,0,49
sig_obs_sd,0.6508992966381364,0.7522268115438289,0.8174386318730317,1.02813083193428,0,49
sig_phi,0.17403448559981774,0.4848302899547515,0.9496016188982276,1.02813083193428,0,49
sig_rho,0.479644848930569,0.6981116621217174,0.8896239245853,1.02813083193428,0,49
sig_obs,0.45861516724002027,0.5035270066299226,0.5795653378665909,1.0822876643458752,0.002,50
sig_obs_sd,0.6274832411168787,0.6899783419383185,0.7934727346835444,1.0822876643458752,0.002,50
sig_phi,0.17506685019969992,0.6121092268557776,1.186965706302759,1.0822876643458752,0.002,50
sig_rho,0.6275704729489036,0.7994975598933897,0.9776052408619632,1.0822876643458752,0.002,50
sig_obs,0.39406531058679073,0.44381322027025566,0.504732881049858,1.0060474647967097,0,51
sig_obs_sd,0.5722879100576076,0.6441863382467397,0.7323913182514041,1.0060474647967097,0,51
sig_phi,0.20460582018606313,0.3600808538670699,0.7143260544575741,1.0060474647967097,0,51
sig_rho,0.24958502782907974,0.5288182502405774,0.6981812400032006,1.0060474647967097,0,51
sig_obs,0.2518930556084689,0.2742815906232885,0.30445986237954636,1.0148932269875828,0.03,52
sig_obs_sd,0.6542034315431211,0.7132904865315808,0.7905146956319022,1.0148932269875828,0.03,52
sig_phi,-0.00729084236011928,0.07750892093080233,0.3157652652401725,1.0148932269875828,0.03,52
sig_rho,0.7228402901630544,0.8606632992170556,1.1136988468618536,1.0148932269875828,0.03,52
sig_obs,0.4853375150632731,0.5485680157131405,0.6021376867516725,1.0058321264594938,0.01,53
sig_obs_sd,0.6475287008087507,0.7308987481228788,0.8029176125876202,1.0058321264594938,0.01,53
sig_phi,0.5939318150872136,1.1608212331585948,2.435044064849568,1.0058321264594938,0.01,53
sig_rho,0.40343450522594354,0.6500360932713989,0.8240587081093491,1.0058321264594938,0.01,53
sig_obs,0.10652056174842685,0.12054171623749008,0.13207410953376492,1.0089471058918815,0.002,54
sig_obs_sd,0.6609149759304389,0.7464212743006902,0.8175759928427186,1.0089471058918815,0.002,54
sig_phi,0.45148390616826617,0.670851883016165,0.9103223763146541,1.0089471058918815,0.002,54
sig_rho,0.4673034552672514,0.662128652076479,0.8574027209430177,1.0089471058918815,0.002,54
sig_obs,0.19878325789866114,0.21749731013329432,0.24352089532604798,1.0377270596995085,0,55
sig_obs_sd,0.4781188814810772,0.5245620050395653,0.5855127002950143,1.0377270596995085,0,55
sig_phi,0.22196761768362497,0.40664880705051465,0.6504863723655678,1.0377270596995085,0,55
sig_rho,0.9837991320988048,1.1819755636912235,1.381077939648106,1.0377270596995085,0,55
sig_obs,0.22697569058496764,0.25541711967608327,0.296195630619638,1.0221618358407456,0,56
sig_obs_sd,0.47229841846115816,0.532697605152781,0.6165164318341059,1.0221618358407456,0,56
sig_phi,0.7974683163224856,1.0709975836711019,1.4857141021036266,1.0221618358407456,0,56
sig_rho,0.7498128884715612,0.967210761918819,1.2008611935930604,1.0221618358407456,0,56
sig_obs,0.24609674674304258,0.27197795752524767,0.2960712124588082,1.0279848688772482,0,57
sig_obs_sd,0.5865035246613249,0.6471410306538311,0.7050825719300947,1.0279848688772482,0,57
sig_phi,0.0788786424746441,0.3620103287363494,0.8201099433180472,1.0279848688772482,0,57
sig_rho,0.7456640203600077,0.8751959657640713,1.0893836739912268,1.0279848688772482,0,57
sig_obs,0.3139958119904012,0.3547555549114375,0.394758386564211,1.0438662057304415,0.008,58
sig_obs_sd,0.5232218229455522,0.59043273997946,0.6577186357673044,1.0438662057304415,0.008,58
sig_phi,0.3243623934183626,0.6672571851875272,1.0625686388327371,1.0438662057304415,0.008,58
sig_rho,0.582354492183525,0.7128151532092364,0.8712319735153626,1.0438662057304415,0.008,58
sig_obs,0.2644630850806706,0.293143852272304,0.3210237789092545,1.069784573490737,0.004,59
sig_obs_sd,0.6155193092257341,0.6814476106536318,0.7469024263631753,1.069784573490737,0.004,59
sig_phi,-0.05136132807067552,0.19333000465579953,0.7606842359940562,1.069784573490737,0.004,59
sig_rho,0.7110465977323334,0.9195318204865877,1.0793943860170792,1.069784573490737,0.004,59
sig_obs,0.4059090564036901,0.45323539964537585,0.511588934347194,1.0185106412009859,0.002,60
sig_obs_sd,0.5468862803513459,0.6106429302113688,0.6890329257081381,1.0185106412009859,0.002,60
sig_phi,0.6743655414777441,1.9013835537835833,3.6913641687673344,1.0185106412009859,0.002,60
sig_rho,0.5466597828019621,0.7499837175859736,0.9716816058151893,1.0185106412009859,0.002,60
sig_obs,0.2666330679395218,0.29163598956611925,0.32999096703696684,1.0164300118591973,0,61
sig_obs_sd,0.5127568129901747,0.5623023460239613,0.6347236638364945,1.0164300118591973,0,61
sig_phi,0.12214428005892318,0.19913114404882004,0.4153469009387531,1.0164300118591973,0,61
sig_rho,0.7102406572934259,0.8723295058053289,1.0558276665748934,1.0164300118591973,0,61
sig_obs,0.5235761001572695,0.5802990545583891,0.6362896227579118,1.0001684177856178,0.008,62
sig_obs_sd,0.6160546187540823,0.6814722398280699,0.7482713163847123,1.0001684177856178,0.008,62
sig_phi,0.6954786811996615,1.2845426353782605,2.5400236217499783,1.0001684177856178,0.008,62
sig_rho,0.11907871472772137,0.2675226871159089,0.49507164015493843,1.0001684177856178,0.008,62
sig_obs,0.1378578958333328,0.15198107625980947,0.16721473408654558,1.0022635057366613,0,63
sig_obs_sd,0.6580304782782515,0.7246430558659509,0.7983945567980055,1.0022635057366613,0,63
sig_phi,0.26078612673963064,0.4291322858626737,0.7711825449318759,1.0022635057366613,0,63
sig_rho,0.843458111793811,1.0283971705833066,1.2442804252772541,1.0022635057366613,0,63
sig_obs,0.11343037725301491,0.12376871769884318,0.13230465135800643,1.003024265183524,0.006,64
sig_obs_sd,0.7491956309394918,0.8113112778442076,0.8735803463212924,1.003024265183524,0.006,64
sig_phi,0.5061256624124565,0.8075523008283717,1.0877073948498157,1.003024265183524,0.006,64
sig_rho,0.5129128751616975,0.7242140971300837,0.861802886426563,1.003024265183524,0.006,64
sig_obs,0.3999860631414043,0.43625927127561426,0.4794190423107928,1.0152352537752258,0,65
sig_obs_sd,0.5451626481520208,0.5957292823788365,0.6536166341913155,1.0152352537752258,0,65
sig_phi,0.32168122415761663,0.8681984858660814,1.7861620206940025,1.0152352537752258,0,65
sig_rho,0.745726513541086,0.8865664980313734,1.0666546008546867,1.0152352537752258,0,65
sig_obs,0.42571202037864037,0.4632772466334736,0.5143691101560028,1.0296904052493656,0.006,66
sig_obs_sd,0.5385810784572853,0.5864515522834611,0.6507747039426844,1.0296904052493656,0.006,66
sig_phi,0.2858511546286148,1.638486865067037,3.8720100162108286,1.0296904052493656,0.006,66
sig_rho,0.5544653797716951,0.7490553329175227,0.94663781018105,1.0296904052493656,0.006,66
sig_obs,0.2904337677407037,0.32105539465549826,0.3542705227952948,1.0025104452256646,0.004,67
sig_obs_sd,0.5743006790875017,0.6346571748270429,0.7004252656911001,1.0025104452256646,0.004,67
sig_phi,0.050925691493763255,0.35882174589434573,1.093443925825158,1.0025104452256646,0.004,67
sig_rho,0.49555378300354636,0.7084334482870823,0.8576317310381449,1.0025104452256646,0.004,67
sig_obs,0.43391640867867187,0.4768106734516685,0.5348206287488139,1.0045486647502948,0.01,68
sig_obs_sd,0.6525821740736572,0.7182134645080367,0.8044074377828834,1.0045486647502948,0.01,68
sig_phi,0.03733018007447014,0.34151523673206985,1.0027385645081797,1.0045486647502948,0.01,68
sig_rho,0.4611041947077286,0.6183607141072438,0.820933286209933,1.0045486647502948,0.01,68
sig_obs,0.31846315763288224,0.35594030488221373,0.3995603300966196,1.0036511909584482,0.006,69
sig_obs_sd,0.5714511737085524,0.6393364014522187,0.7165684130082692,1.0036511909584482,0.006,69
sig_phi,0.11037367416518212,0.41616020260869874,0.9632879902413596,1.0036511909584482,0.006,69
sig_rho,0.29191532285093297,0.4831540094239611,0.6678486405166505,1.0036511909584482,0.006,69
sig_obs,0.2874009920747887,0.3097363255018055,0.35297271936243957,1.0486777923773352,0.004,70
sig_obs_sd,0.6268927557320184,0.6802840589511145,0.7728352744055301,1.0486777923773352,0.004,70
sig_phi,0.37541974477341505,0.7659971281928559,1.140695747172721,1.0486777923773352,0.004,70
sig_rho,0.42662425231775053,0.6176495390754775,0.7506425660664062,1.0486777923773352,0.004,70
sig_obs,0.27098982371332436,0.3007146508338042,0.3432944049760182,1.002960020181746,0,71
sig_obs_sd,0.6536294672067593,0.7253816541545111,0.8280297708904024,1.002960020181746,0,71
sig_phi,0.05346994333968977,0.9585715642249737,3.664580951628665,1.002960020181746,0,71
sig_rho,0.27268082783199676,0.6479922518155214,0.9530877095912229,1.002960020181746,0,71
sig_obs,0.29721353848030735,0.32501399360017474,0.3671698164892344,1.0020201469266294,0,72
sig_obs_sd,0.566934797857173,0.6195836400401328,0.7003905276845119,1.0020201469266294,0,72
sig_phi,0.7041532078419401,1.1533208582937886,1.699999821060251,1.0020201469266294,0,72
sig_rho,0.4877844329360007,0.6076230971444427,0.8355851500658065,1.0020201469266294,0,72
sig_obs,0.22080526118584173,0.2432073155401212,0.2682422076989514,1.011684057233271,0.004,73
sig_obs_sd,0.6450121386610278,0.7116853273632812,0.7838177406167804,1.011684057233271,0.004,73
sig_phi,0.20057475126536575,0.3909396178579854,0.6505366273394918,1.011684057233271,0.004,73
sig_rho,0.3546302213992345,0.5244339389333238,0.6573560598976127,1.011684057233271,0.004,73
sig_obs,0.38014592433043753,0.42638797215191016,0.4768386546504313,1.0029891137430909,0,74
sig_obs_sd,0.5519314968618668,0.6190861949294303,0.6924284490205438,1.0029891137430909,0,74
sig_phi,0.633842969205588,1.0051445624515358,1.2809448153103706,1.0029891137430909,0,74
sig_rho,0.6221635681479585,0.8236647014735841,0.9823237232851929,1.0029891137430909,0,74
sig_obs,0.22570932302885025,0.2518707196229143,0.27397093119273364,1.0011997494982654,0.002,75
sig_obs_sd,0.6134560819713644,0.6833832617794428,0.745278247488994,1.0011997494982654,0.002,75
sig_phi,0.37265572638630073,2.8382458427377495,7.572230775138069,1.0011997494982654,0.002,75
sig_rho,0.41345099103003585,0.5583918797915367,0.7176060678342036,1.0011997494982654,0.002,75
sig_obs,0.12464956828891115,0.13683589756287975,0.1521578462242306,1.0045617036600214,0,76
sig_obs_sd,0.5756088398950427,0.6314001286550932,0.7024852416501967,1.0045617036600214,0,76
sig_phi,0.27207825004477737,0.4307713285908339,0.7007743154973757,1.0045617036600214,0,76
sig_rho,0.66584398493727,0.8317772800018346,0.9982032471678228,1.0045617036600214,0,76
sig_obs,0.1459218595506491,0.16410304155502323,0.18060952956379348,0.9992921035138416,0,77
sig_obs_sd,0.49412225743854143,0.5534591063182491,0.6117893911802859,0.9992921035138416,0,77
sig_phi,0.4644594002688245,0.8968337390465612,1.4561313508862481,0.9992921035138416,0,77
sig_rho,0.6482308352303219,0.8321073095594107,0.9641128053005517,0.9992921035138416,0,77
sig_obs,0.2837769039664963,0.3108662553263309,0.350994337339653,1.000435493892355,0,78
sig_obs_sd,0.527479504934568,0.5772259208042914,0.6517718410050956,1.000435493892355,0,78
sig_phi,0.1373890608206809,0.28621800757587423,0.5798794190265457,1.000435493892355,0,78
sig_rho,0.6406218317414409,0.8275414987231919,1.0234273013815138,1.000435493892355,0,78
sig_obs,0.22920409932917285,0.250512744256452,0.2737023930064877,1.0052238130720645,0.006,79
sig_obs_sd,0.5761949797366617,0.6293348221613737,0.6879369867951807,1.0052238130720645,0.006,79
sig_phi,0.01154060536827491,0.07709490356571484,0.249775503869808,1.0052238130720645,0.006,79
sig_rho,0.7648564937693737,0.951210381427988,1.1382614223069434,1.0052238130720645,0.006,79
sig_obs,0.18286483734090753,0.2026821679606812,0.2199157482673012,1.0138708805698788,0.004,80
sig_obs_sd,0.564362801473265,0.6230889411776599,0.6788909056627295,1.0138708805698788,0.004,80
sig_phi,0.13523922429889151,0.2538897824520432,0.5320906420581725,1.0138708805698788,0.004,80
sig_rho,0.5297896351482817,0.679342446146951,0.8302889034384711,1.0138708805698788,0.004,80
sig_obs,0.20257523510571096,0.2225561955166058,0.25297524993768433,1.0130350840832114,0,81
sig_obs_sd,0.6607499525389408,0.7307367281024292,0.825148999848314,1.0130350840832114,0,81
sig_phi,0.4395446222362343,0.7416899450409771,1.0828584031691102,1.0130350840832114,0,81
sig_rho,0.612448379107722,0.7768848690342613,0.9681829902944588,1.0130350840832114,0,81
sig_obs,0.19895049022086592,0.2162292234504986,0.24205183162869356,1.0066367282759616,0.01,82
sig_obs_sd,0.47230542282644267,0.516453511424214,0.5745937504030214,1.0066367282759616,0.01,82
sig_phi,0.2988096955070127,0.5429409471330633,1.012982528819681,1.0066367282759616,0.01,82
sig_rho,0.8815624630240189,1.0629022761704405,1.2764119323849128,1.0066367282759616,0.01,82
sig_obs,0.11430414723881399,0.13100592620069246,0.14145254859330197,1.0160998210889594,0.006,83
sig_obs_sd,0.44886905392288706,0.5125336701824412,0.554248822704509,1.0160998210889594,0.006,83
sig_phi,0.46056456405106927,1.5831753461667253,3.1077162936598333,1.0160998210889594,0.006,83
sig_rho,0.8603968841788523,1.0219858870400855,1.204666215487371,1.0160998210889594,0.006,83
sig_obs,0.43145205444441376,0.4740016349371189,0.5211988598434025,1.0034814505949992,0.008,84
sig_obs_sd,0.5927861758203077,0.6518879160194615,0.7161110877429544,1.0034814505949992,0.008,84
sig_phi,0.20609097107044444,1.0005426027273312,3.0010690917431218,1.0034814505949992,0.008,84
sig_rho,0.6328401165074538,0.7981195337535052,1.017596022488329,1.0034814505949992,0.008,84
sig_obs,0.22791933211487458,0.2361878712651816,0.2604164118487674,1.0742080473059623,0.138,85
sig_obs_sd,0.5380253352112154,0.5580309711042911,0.6349027493036984,1.0742080473059623,0.138,85
sig_phi,0.11880411569759988,0.34029966155655406,0.6092249412560431,1.0742080473059623,0.138,85
sig_rho,0.5810057258929755,0.7082396403119219,0.866818963373293,1.0742080473059623,0.138,85
sig_obs,0.1807573559885892,0.20283542457166176,0.2226598359846084,1.0296295598566447,0.006,86
sig_obs_sd,0.5285682617597253,0.590340829498958,0.6504305929651261,1.0296295598566447,0.006,86
sig_phi,0.1503893573691239,0.8632049016640478,1.758450481068604,1.0296295598566447,0.006,86
sig_rho,0.5976422127883113,0.7906497349724106,0.9949398451393473,1.0296295598566447,0.006,86
sig_obs,0.41038755303189806,0.46617457486605884,0.5153789578447674,1.0011497981976891,0.004,87
sig_obs_sd,0.5797030587275004,0.6572523773963174,0.7281391982852777,1.0011497981976891,0.004,87
sig_phi,0.13221752804703754,0.40562325673302096,0.7815501310162697,1.0011497981976891,0.004,87
sig_rho,0.4983476478818692,0.6738882628355524,0.899587076810476,1.0011497981976891,0.004,87
sig_obs,0.17465079762335212,0.20123725503529027,0.21630168712015935,1.0244275279036736,0,88
sig_obs_sd,0.5829731302353908,0.6692502692680031,0.7210894326921862,1.0244275279036736,0,88
sig_phi,0.24664147314332668,0.6233433429724312,1.0858908571520036,1.0244275279036736,0,88
sig_rho,0.7171350122817977,0.9233060771444608,1.14271916190187,1.0244275279036736,0,88
sig_obs,0.20322594801688323,0.22567796323778982,0.25053811990928604,1.0594345095105713,0.046,89
sig_obs_sd,0.5322477727333254,0.5894972808750659,0.6557642745107347,1.0594345095105713,0.046,89
sig_phi,-0.08597706493793958,0.1968370675956398,1.1224378736354461,1.0594345095105713,0.046,89
sig_rho,0.5189401181264794,0.6293710474731995,0.8761211404369957,1.0594345095105713,0.046,89
sig_obs,0.271575168813155,0.29942925943346327,0.3257392122287852,0.9997832821924855,0,90
sig_obs_sd,0.5983137974092368,0.6602567186508574,0.7183720559009238,0.9997832821924855,0,90
sig_phi,0.23701674012863475,0.47348312610107823,0.7255031740959694,0.9997832821924855,0,90
sig_rho,0.44942155171681364,0.5764198402125269,0.7565959969608423,0.9997832821924855,0,90
sig_obs,0.28667632227510653,0.3288880658883455,0.37354504636832214,1.00535763432556,0.002,91
sig_obs_sd,0.5197172894183695,0.5959200867939192,0.6768124786041633,1.00535763432556,0.002,91
sig_phi,0.5397128178196118,0.8966218931271359,1.4741493894934063,1.00535763432556,0.002,91
sig_rho,0.614997562343854,0.8240484948252487,1.057710273907368,1.00535763432556,0.002,91
sig_obs,0.3550045363803346,0.4015136905685548,0.43431365942179295,1.0111842514031144,0,92
sig_obs_sd,0.5381306256786031,0.6079878906142642,0.6582500367990424,1.0111842514031144,0,92
sig_phi,0.486835639204509,0.7307174530728643,1.057168190608691,1.0111842514031144,0,92
sig_rho,0.5757695602258548,0.7482605963180787,0.9507378900748887,1.0111842514031144,0,92
sig_obs,0.14517327126043783,0.16563868540156423,0.17947542888703716,1.0040684566807898,0,93
sig_obs_sd,0.578243759858986,0.6582420298529928,0.7145147414459551,1.0040684566807898,0,93
sig_phi,0.489952770704711,0.7138172822029709,1.1372104160943552,1.0040684566807898,0,93
sig_rho,0.7541076900633604,0.9330131531907473,1.1130664419402312,1.0040684566807898,0,93
sig_obs,0.3361951305594334,0.36800516235139835,0.40639772271906716,1.0198125945639562,0.022,94
sig_obs_sd,0.5984601705056884,0.655758355475208,0.7233565640314588,1.0198125945639562,0.022,94
sig_phi,0.5551048604083266,0.9756040131955979,1.7059617217779928,1.0198125945639562,0.022,94
sig_rho,0.6150017919426116,0.7752313133190897,0.9436603893833714,1.0198125945639562,0.022,94
sig_obs,0.09457438277862458,0.10921814897203169,0.117545351656806,1.0001975803262515,0.084,95
sig_obs_sd,0.4952127606293348,0.5538386144893771,0.6153486671537866,1.0001975803262515,0.084,95
sig_phi,0.10292781004114256,0.2941325775663446,1.0281782017355197,1.0001975803262515,0.084,95
sig_rho,0.6442581367934546,0.8092049324741367,1.0247950690535022,1.0001975803262515,0.084,95
sig_obs,0.2859502075385078,0.31072863539445517,0.34083779969662126,1.0020243375539455,0,96
sig_obs_sd,0.6640934477627809,0.7223835654005089,0.7916751944348323,1.0020243375539455,0,96
sig_phi,-0.015850158855617687,0.054706398756075095,0.28546449303855137,1.0020243375539455,0,96
sig_rho,0.6034042432545741,0.7339495064420948,0.9144168860283148,1.0020243375539455,0,96
sig_obs,0.29905744247491717,0.325056682575704,0.35395869031367344,1.0238897350787155,0.012,97
sig_obs_sd,0.7409578539810723,0.8063007431177978,0.8770878907903388,1.0238897350787155,0.012,97
sig_phi,0.350732832953689,0.5797342632940545,0.8446587096040009,1.0238897350787155,0.012,97
sig_rho,0.28579205839732014,0.3917925208610224,0.6860239360096178,1.0238897350787155,0.012,97
sig_obs,0.297864073225633,0.32904520990774466,0.3607651223227968,1.00654107444737,0,98
sig_obs_sd,0.604374154639096,0.6670677104964411,0.7321119783180319,1.00654107444737,0,98
sig_phi,0.6772401165201238,1.0669660494310929,1.414815836474645,1.00654107444737,0,98
sig_rho,0.23261540492098426,0.35679088433639444,0.5573901238112612,1.00654107444737,0,98
sig_obs,0.41530789487975156,0.4687126287198795,0.4962066427152644,1.2330185722396216,0.068,99
sig_obs_sd,0.6827329821861852,0.7634634212614666,0.8185025875054245,1.2330185722396216,0.068,99
sig_phi,0.882093672095165,2.1074792571249006,3.504896919003971,1.2330185722396216,0.068,99
sig_rho,0.6470254073506051,0.7039821718739367,0.9417278951354693,1.2330185722396216,0.068,99
sig_obs,0.1963779864559122,0.21491727315338155,0.23650132964085957,1.0079100093133784,0.01,100
sig_obs_sd,0.6198825382830792,0.6770519220949112,0.7460976960770506,1.0079100093133784,0.01,100
sig_phi,0.6057002820582994,0.9119215286829512,1.2531121117833428,1.0079100093133784,0.01,100
sig_rho,0.4591787128504291,0.591928729275824,0.7590629322812763,1.0079100093133784,0.01,100
