NR,DAGS,ST,LENGD,TYNGD,ALD,KYN,KTR,FYLL,HOR,CHIP,CHIL,DAPH,LYM,EU,PIS,TRI,SimL,Lep,col,Blóðsuga,Ógr,ANN,SCHITSO,NET_MÖSK,ATH,K,,
1,2018-09-03,3,18,60,1,2,2,4,,,,,,100,,,,,,,,,,18.5,,1.03,,0
2,2018-09-03,3,17.5,58,1,2,2,3,,,,,,100,,,,,,,,,,18.5,,1.08,,0
3,2018-09-03,3,17.5,56,1,2,2,5,,,,,,100,,,,,,,,,,18.5,,1.04,,0
4,2018-09-03,3,15.5,52,1,1,2,4,,,,,,100,,,,,,,,,,18.5,,1.4,,0
5,2018-09-03,3,16.1,44,1,1,2,2,,,,,,100,,,,,,,,,,18.5,,1.05,,0
6,2018-09-03,3,21,110,2,2,2,3,,,,,,100,,,,,,,,,,25,,1.19,,0
7,2018-09-03,3,26.5,200,2,2,2,0,,,,,,,,,,,,,,,,25,,1.07,,0
8,2018-09-03,3,17,48,3,1,2,4,,,,,,100,,,,,,,,,,16.5,,0.98,,0
9,2018-09-03,3,16,38,1,1,2,4,,,,,,100,,,,,,,,,,16.5,,0.93,,0
10,2018-09-03,3,15.8,40,1,1,2,3,,,,,,100,,,,,,,,,,16.5,,1.01,,0
11,2018-09-03,3,16.5,44,1,2,2,4,,,,100,,,,,,,,,,,,16.5,,0.98,,0
12,2018-09-03,3,15,30,1,2,2,5,,,,,,100,,,,,,,,,,16.5,,0.89,,0
13,2018-09-03,3,15.7,34,1,2,2,3,,,,,,100,,,,,,,,,,16.5,,0.88,,0
14,2018-09-03,3,16.3,48,1,1,2,4,,,,,,100,,,,,,,,,,16.5,,1.11,,0
15,2018-09-03,3,15,32,1,1,2,5,,,,,,100,,,,,,,,,,16.5,,0.95,,0
16,2018-09-03,3,16,36,1,2,2,2,,,,,,100,,,,,,,,,,16.5,,0.88,,0
17,2018-09-03,3,14.8,36,1,2,2,5,,,,,,100,,,,,,,,,,16.5,,1.11,,0
18,2018-09-03,3,25,212,2,2,2,2,,,,,,100,,,,,,,,,,35,,1.36,,0
19,2018-09-03,3,25.5,194,2,1,2,4,,,,,,100,,,,,,,,,,35,,1.17,,0
20,2018-09-03,3,25.5,176,2,1,2,3,,,,,,100,,,,,,,,,,35,,1.06,,0
21,2018-09-03,3,49,1468,6,1,4,3,,,,,,100,,,,,,,,,,35,,1.25,,0
22,2018-09-03,3,49.2,1784,6,1,4,5,100,,,,,,,,,,,,,,,35,,1.5,,0
23,2018-09-03,3,40.2,868,4,2,5,4,,,,,,100,,,,,,,,,,40,,1.34,,0
24,2018-09-03,3,18.2,60,1,1,2,2,,,,,,100,,,,,,,,,,21.5,,1,,0
25,2018-09-03,3,43,1148,5,1,4,3,,,,,100,,,,,,,,,,,21.5,,1.44,,0
26,2018-09-03,3,20.5,94,2,2,2,3,,,,,,100,,,,,,,,,,35,,1.09,,0
27,2018-09-03,3,29,214,2,2,2,2,,,,,,100,,,,,,,,,,35,,0.88,,0
28,2018-09-03,3,45.8,1180,4,2,5,4,,,,,,100,,,,,,,,,,35,,1.23,,0
29,2018-09-03,3,49,1576,6,1,4,0,,,,,,,,,,,,,,,,35,,1.34,,0
30,2018-09-03,3,45.5,1254,5,1,4,1,,,,,,100,,,,,,,,,,50,,1.33,,0
31,2018-09-03,3,44.5,1116,5,1,4,3,,,,,,100,,,,,,,,,,50,,1.27,,0
32,2018-09-03,1,15.8,40,1,1,1,5,,,,,,100,,,,,,,,,,16.5,,1.01,,0
33,2018-09-03,1,21.7,120,2,1,1,5,,,,,,100,,,,,,,,,,35,,1.17,,0
34,2018-09-03,10,15.5,38,1,2,2,5,,,,,,100,,,,,,,,,,16.5,,1.02,,0
35,2018-09-03,10,21.2,116,2,1,2,5,,,,,,100,,,,,,,,,,25,,1.22,,0
36,2018-09-03,10,18.3,66,1,2,2,5,,,,,,100,,,,,,,,,,21.5,,1.08,,0
37,2018-09-03,10,33.8,494,3,2,2,4,,,,100,,,,,,,,,,,,40,,1.28,,0
38,2018-09-03,10,34.2,520,3,2,2,3,,,,100,,,,,,,,,,,,46,,1.3,,0
39,2018-09-03,10,35,546,3,2,2,3,,,,90,,10,,,,,,,,,,35,,1.27,,0
40,2018-09-03,10,16.5,46,1,2,2,3,,,,,,100,,,,,,,,,,18.5,,1.02,,0
41,2018-09-03,10,38,774,3,2,2,4,,,,100,,,,,,,,,,,,50,,1.41,,0
42,2018-09-03,2,17.5,54,1,2,2,4,,,,,,100,,,,,,,,,,18.5,,1.01,,0
43,2018-09-03,2,29.5,334,2,2,2,4,,,,100,,,,,,,,,,,,21.5,,1.3,,0
44,2018-09-03,2,15.2,34,1,1,2,2,,,,,,100,,,,,,,,,,16.5,,0.97,,0
45,2018-09-03,2,25.7,166,2,2,2,5,,,,90,,10,,,,,,,,,,21.5,krús,0.98,,0
46,2018-09-03,2,39,750,3,2,2,2,,,,,,,,,,,,,100,,,46,,1.26,,100
47,2018-09-03,9,16.2,42,1,2,2,5,,,,,,100,,,,,,,,,,18.5,,0.99,,0
48,2018-09-03,9,16.7,42,1,2,2,2,,,,,,100,,,,,,,,,,16.5,,0.9,,0
49,2018-09-03,9,16,40,1,2,2,2,,,,,,100,,,,,,,,,,16.5,,0.98,,0
50,2018-09-03,9,15.5,36,1,2,2,4,,,,,,100,,,,,,,,,,16.5,,0.97,,0
51,2018-09-03,9,16.2,36,1,1,2,5,,,,,,100,,,,,,,,,,16.5,,0.85,,0
52,2018-09-03,9,31.4,368,2,1,2,4,,,,,,100,,,,,,,,,,40,,1.19,,0
53,2018-09-03,9,31.8,486,3,2,2,0,,,,,,,,,,,,,,,,40,,1.51,,0
54,2018-09-03,9,33.7,512,3,2,2,3,,,,100,,,,,,,,,,,,40,,1.34,,0
55,2018-09-03,9,33.5,450,3,1,2,4,,,,100,,,,,,,,,,,,40,,1.2,,0
56,2018-09-03,9,36,602,3,1,2,4,,,,,,100,,,,,,,,,,40,,1.29,,0
57,2018-09-03,9,21.2,96,2,2,2,4,,,,,,100,,,,,,,,,,21.5,,1.01,,0
58,2018-09-03,9,22.2,130,2,2,2,2,,,,,,100,,,,,,,,,,25,,1.19,,0
59,2018-09-03,9,24.5,140,3,2,2,2,,,,,,100,,,,,,,,,,25,,0.95,,0
60,2018-09-03,9,39.3,722,4,1,2,3,,,,,,100,,,,,,,,,,46,,1.19,,0
61,2018-09-03,9,36,580,4,1,2,3,,,,,,100,,,,,,,,,,46,,1.24,,0
62,2018-09-03,9,44.5,1274,4,1,4,4,,,,,,100,,,,,,,,,,30,,1.45,,0
63,2018-09-03,9,46,1422,5,2,5,3,,,,,,100,,,,,,,,,,50,,1.46,,0
64,2018-09-04,4,16,44,1,1,1,3,,,,70,,30,,,,,,,,,,18.5,,1.07,,0
65,2018-09-04,4,16.4,44,1,2,2,2,,,,30,,70,,,,,,,,,,18.5,,1,,0
66,2018-09-04,4,16.5,46,1,2,2,2,,,,100,,,,,,,,,,,,18.5,,1.02,,0
67,2018-09-04,4,21.1,106,2,2,2,4,,,,90,,10,,,,,,,,,,18.5,,1.13,,0
68,2018-09-04,4,31.5,306,3,2,2,2,,,,100,,,,,,,,,,,,30,,0.98,,0
69,2018-09-04,4,34,556,3,1,2,4,,,,100,,,,,,,,,,,,40,,1.41,,0
70,2018-09-04,4,33.7,546,3,1,2,2,,,,100,,,,,,,,,,,,40,,1.43,,0
71,2018-09-04,4,33,430,3,1,2,2,,,,100,,,,,,,,,,,,40,,1.2,,0
72,2018-09-04,4,29.7,336,2,1,2,2,,,,100,,,,,,,,,,,,50,,1.28,,0
73,2018-09-04,4,42,846,5,2,2,3,,,,,,100,,,,,,,,,,50,,1.14,,0
74,2018-09-04,4,54.7,1648,7,1,7,5,,,,,100,,,,,,,,,,,50,,1.01,,0
75,2018-09-04,4,39,788,4,1,2,4,,,,,,100,,,,,,,,,,35,,1.33,,0
76,2018-09-04,4,48,1426,6,1,4,4,,,,10,60,30,,,,,,,,,,35,,1.29,,0
77,2018-09-04,4,16.6,48,1,1,1,5,,,,100,,,,,,,,,,,,46,,1.05,,0
78,2018-09-04,4,29.5,346,3,2,2,4,,,,100,,,,,,,,,,,,46,,1.35,,0
79,2018-09-04,4,36.5,654,4,1,2,3,,,,100,,,,,,,,,,,,46,,1.34,,0
80,2018-09-04,4,39,694,4,2,2,1,,,,100,,,,,,,,,,,,46,,1.17,,0
81,2018-09-04,4,23.1,124,2,2,2,4,,,,50,,30,,,,,,,,20,,25,,1.01,,20
82,2018-09-04,4,16.6,46,1,1,1,2,,,,60,,40,,,,,,,,,,16.5,,1.01,,0
83,2018-09-04,4,16,36,1,2,1,3,,,,100,,,,,,,,,,,,16.5,,0.88,,0
84,2018-09-04,4,14.4,32,1,2,2,4,,,,100,,,,,,,,,,,,16.5,,1.07,,0
85,2018-09-04,4,24.5,192,2,2,2,2,,,,,,100,,,,,,,,,,30,,1.31,,0
86,2018-09-04,4,24.5,160,2,1,1,2,,,,,,100,,,,,,,,,,25,,1.09,,0
87,2018-09-04,4,20.5,82,2,2,2,2,,,,,,100,,,,,,,,,,21.5,,0.95,,0
88,2018-09-04,4,17.7,68,1,1,1,2,,,,100,,,,,,,,,,,,21.5,,1.23,,0
89,2018-09-04,4,47.5,1390,,1,4,2,,,,,100,,,,,,,,,,,50,,1.3,,0
90,2018-09-04,4,45,1526,6,1,4,2,,,,90,10,,,,,,,,,,,46,,1.67,,0
91,2018-09-04,4,48.3,1588,5,1,4,4,,,,,100,,,,,,,,,,,35,,1.41,,0
92,2018-09-04,5,16.4,44,1,2,2,3,,,,100,,,,,,,,,,,,18.5,,1,,0
93,2018-09-04,5,16.5,28,1,1,1,5,,,,100,,,,,,,,,,,,18.5,,0.62,,0
94,2018-09-04,5,17.9,58,1,1,1,5,,,,100,,,,,,,,,,,,18.5,,1.01,,0
95,2018-09-04,5,21.2,102,1,1,1,1,,,,,,100,,,,,,,,,,25,,1.07,,0
96,2018-09-04,5,22,120,2,2,2,4,,,,80,,20,,,,,,,,,,25,,1.13,,0
97,2018-09-04,5,22.8,126,4,2,5,0,,,,,,,,,,,,,,,,25,,1.06,,0
98,2018-09-04,5,16,42,1,1,1,1,,,,,,100,,,,,,,,,,16.5,,1.03,,0
99,2018-09-04,5,14.5,38,1,2,2,5,,,,100,,,,,,,,,,,,16.5,,1.25,,0
100,2018-09-04,5,33.5,448,3,2,2,2,,,,100,,,,,,,,,,,,35,,1.19,,0
101,2018-09-04,5,31,362,3,2,2,3,,,,100,,,,,,,,,,,,35,,1.22,,0
102,2018-09-04,5,31.8,436,4,2,2,4,,,,100,,,,,,,,,,,,35,,1.36,,0
103,2018-09-04,5,39.5,782,5,2,2,3,,,,100,,,,,,,,,,,,40,,1.27,,0
104,2018-09-04,5,34.5,604,4,2,2,4,,,,100,,,,,,,,,,,,40,,1.47,,0
105,2018-09-04,5,40.5,740,,1,2,2,,,,,100,,,,,,,,,,,40,,1.11,,0
106,2018-09-04,5,41.5,908,5,2,2,2,,,,100,,,,,,,,,,,,50,,1.27,,0
107,2018-09-04,5,45,1344,,1,4,2,,,,80,20,,,,,,,,,,,50,,1.47,,0
108,2018-09-04,5,35.6,594,3,2,2,3,,,,100,,,,,,,,,,,,46,,1.32,,0
109,2018-09-04,5,34,516,3,1,2,2,,,,90,,10,,,,,,,,,,46,,1.31,,0
110,2018-09-04,5,36.2,622,4,2,2,3,,,,20,,80,,,,,,,,,,46,,1.31,,0
111,2018-09-04,5,36,698,4,1,5,2,,,,95,,5,,,,,,,,,,46,,1.5,,0
112,2018-09-04,5,35.3,632,4,1,2,4,,,,100,,,,,,,,,,,,46,,1.44,,0
113,2018-09-04,5,40,854,5,1,2,4,,,,100,,,,,,,,,,,,46,,1.33,,0
114,2018-09-04,0,56.5,2072,7,1,12,5,,,,,100,,,,,,,,,,,18.5,,1.15,,0
115,2018-09-04,0,55,2080,6,1,5,4,100,,,,,,,,,,,,,,,40,,1.25,,0
116,2018-09-04,0,54.4,1918,7,1,5,5,,,,,100,,,,,,,,,,,40,,1.19,,0
117,2018-09-04,0,54.5,1480,7,1,12,3,,,,,100,,,,,,,,,,,21.5,,0.91,,0
118,2018-09-04,0,48,1558,5,1,4,4,,,,50,25,25,,,,,,,,,,46,,1.41,,0
1,2018-09-05,11,32,378,3,1,2,2,100,,,,,,,,,,,,,,,,,1.15,,0
2,2018-09-05,11,34.3,424,4,1,2,3,,,60,,,,40,,,,,,,,,,,1.05,,0
3,2018-09-05,11,22,82,2,2,2,3,,,,,100,,,,,,,,,,,,,0.77,,0
4,2018-09-05,11,28,266,2,2,2,4,100,,,,,,,,,,,,,,,,,1.21,,0
5,2018-09-05,11,28.8,274,3,1,2,3,,,,,100,,,,,,,,,,,,,1.15,,0
6,2018-09-05,11,32,426,3,2,2,3,100,,,,,,,,,,,,,,,,,1.3,,0
7,2018-09-05,11,34.2,486,4,2,2,3,100,,,,,,,,,,,,,,,,,1.21,,0
8,2018-09-05,11,26.5,192,2,1,2,2,,,,,100,,,,,,,,,,,,,1.03,,0
9,2018-09-05,11,34.4,460,4,2,2,2,,,,,100,,,,,,,,,,,,,1.13,,0
10,2018-09-05,11,32,408,3,2,2,1,100,,,,,,,,,,,,,,,,,1.25,,0
11,2018-09-05,11,30,330,3,1,2,4,,,,,100,,,,,,,,,,,,,1.22,,0
12,2018-09-05,11,37.5,650,4,1,2,4,,,,,100,,,,,,,,,,,,,1.23,,0
13,2018-09-05,11,35,486,3,2,2,3,,,,,100,,,,,,,,,,,,,1.13,,0
14,2018-09-05,11,39.3,674,5,2,2,0,,,,,,,,,,,,,,,,,,1.11,,0
15,2018-09-05,11,27.2,228,2,2,2,1,,,,,100,,,,,,,,,,,,,1.13,,0
16,2018-09-05,11,32.5,378,3,1,2,1,,,,,100,,,,,,,,,,,,,1.1,,0
17,2018-09-05,11,33.3,418,3,1,2,2,100,,,,,,,,,,,,,,,,,1.13,,0
18,2018-09-05,11,28.1,218,3,1,2,3,,,,,100,,,,,,,,,,,,,0.98,,0
19,2018-09-05,11,26,178,2,2,3,3,,,,,100,,,,,,,,,,,,,1.01,,0
20,2018-09-05,11,28.5,252,2,2,2,2,,,,,100,,,,,,,,,,,,,1.09,,0
21,2018-09-05,11,27.5,216,2,2,2,1,100,,,,,,,,,,,,,,,,,1.04,,0
22,2018-09-05,11,32.5,428,3,2,2,5,100,,,,,,,,,,,,,,,,,1.25,,0
23,2018-09-05,11,30.5,326,3,1,2,0,,,,,,,,,,,,,,,,,,1.15,,0
24,2018-09-05,11,33,470,3,1,2,1,100,,,,,,,,,,,,,,,,,1.31,,0
25,2018-09-05,11,35,522,3,2,2,3,100,,,,,,,,,,,,,,,,,1.22,,0
26,2018-09-05,11,34.5,524,4,2,2,1,,,100,,,,,,,,,,,,,,,1.28,,0
27,2018-09-05,11,29.5,294,2,1,2,5,,,,,100,,,,,,,,,,,,,1.15,,0
28,2018-09-05,11,31,326,2,1,2,0,,,,,,,,,,,,,,,,,,1.09,,0
29,2018-09-05,11,33.5,464,3,1,2,3,,,,,,,100,,,,,,,,,,,1.23,,0
30,2018-09-05,11,36,578,3,2,2,0,,,,,,,,,,,,,,,,,,1.24,,0
31,2018-09-05,11,29.1,262,3,1,2,5,,,,,100,,,,,,,,,,,,,1.06,,0
32,2018-09-05,11,38.5,700,4,2,2,4,100,,,,,,,,,,,,,,,,,1.23,,0
33,2018-09-05,11,39.5,748,4,1,2,3,,,,,100,,,,,,,,,,,,,1.21,,0
34,2018-09-05,11,42,870,4,2,2,3,100,,,,,,,,,,,,,,,,,1.17,,0
35,2018-09-05,11,39.2,824,4,2,3,2,,,,,100,,,,,,,,,,,,,1.37,,0
36,2018-09-05,11,42.5,886,5,1,2,2,,,,,100,,,,,,,,,,,,,1.15,,0
37,2018-09-05,11,43,1136,4,1,2,5,100,,,,,,,,,,,,,,,,,1.43,,0
38,2018-09-05,11,42.6,1016,4,2,2,4,,,,,100,,,,,,,,,,,,,1.31,,0
39,2018-09-05,11,57,2690,7,1,12,5,100,,,,,,,,,,,,,,,,,1.45,,0
40,2018-09-05,12,25,152,2,1,1,5,100,,,,,,,,,,,,,,,,,0.97,,0
41,2018-09-05,12,39.4,720,4,1,2,2,100,,,,,,,,,,,,,,,,,1.18,,0
42,2018-09-05,12,31,356,3,1,2,5,100,,,,,,,,,,,,,,,,,1.19,,0
43,2018-09-05,12,27.8,264,3,2,2,5,100,,,,,,,,,,,,,,,,,1.23,,0
44,2018-09-05,12,27.5,264,3,2,2,5,100,,,,,,,,,,,,,,,,,1.27,,0
45,2018-09-05,12,29.5,284,3,2,2,2,100,,,,,,,,,,,,,,,,,1.11,,0
46,2018-09-05,12,27,242,2,2,2,5,100,,,,,,,,,,,,,,,,,1.23,,0
47,2018-09-05,12,25.5,182,2,1,2,4,100,,,,,,,,,,,,,,,,,1.1,,0
48,2018-09-05,12,23.6,156,2,1,2,5,100,,,,,,,,,,,,,,,,,1.19,,0
49,2018-09-05,12,27.5,224,3,2,2,4,100,,,,,,,,,,,,,,,,,1.08,,0
50,2018-09-05,12,29.2,294,4,2,4,2,100,,,,,,,,,,,,,,,,,1.18,,0
51,2018-09-05,12,25.6,216,2,2,2,5,100,,,,,,,,,,,,,,,,,1.29,,0
52,2018-09-05,12,15,32,1,1,1,5,100,,,,,,,,,,,,,,,,,0.95,,0
53,2018-09-05,12,26.9,216,2,2,2,4,100,,,,,,,,,,,,,,,,,1.11,,0
54,2018-09-05,12,19.3,70,2,2,1,2,100,,,,,,,,,,,,,,,,,0.97,,0
55,2018-09-05,12,29.6,328,3,1,2,5,100,,,,,,,,,,,,,,,,,1.26,,0
1,2019-08-29,1,50.5,1470,5,1,9,3,,,,,100,,,,,,,,,,,30,F191803,1.14,,0
2,2019-08-29,1,15.2,34,1,1,1,0,,,,,,,,,,,,,,,,16.5,F191804,0.97,,0
3,2019-08-29,1,38,778,4,1,2,3,,,60,,,40,,,,,,,,,,40,F191805,1.42,,0
4,2019-08-29,1,42,1058,4,1,3,3,,,,,100,,,,,,,,,,,35,F191806,1.43,,0
5,2019-08-29,1,48.5,1414,5,1,3,2,,,5,,,95,,,,,,,,,,50,F191808,1.24,,0
6,2019-08-29,1,45,1122,5,1,3,2,,,,,,100,,,,,,,,,,50,F191809,1.23,,0
7,2019-08-29,2,14,30,1,2,2,3,,100,,,,,,,,,,,,,,16.5,F191810,1.09,,0
8,2019-08-29,2,15.5,36,1,1,2,3,,,,,,100,,,,,,,,,,16.5,F191811,0.97,,0
9,2019-08-29,2,36.6,616,4,1,2,1,100,,,,,,,,,,,,,,,46,F191812,1.26,,0
10,2019-08-29,2,30,346,2,2,2,1,,100,,,,,,,,,,,,,,35,F191813,1.28,,0
11,2019-08-29,2,25.5,144,3,1,2,3,,20,60,,,20,,,,,,,,,,25,F191814,0.87,,0
12,2019-08-29,2,58.3,2145,7,1,10,2,100,,,,,,,,,,,,,,,25,F191815,1.08,,0
13,2019-08-29,10,18.5,76,2,2,2,3,100,,,,,,,,,,,,,,,21.5,F191816,1.2,,0
14,2019-08-29,10,29.4,316,2,1,2,3,,70,,,,30,,,,,,,,,,35,F191817,1.24,,0
15,2019-08-29,9,29.8,374,3,2,2,3,,10,,90,,,,,,,,,,,,30,F191818,1.41,,0
16,2019-08-29,9,28.2,278,,2,2,3,,10,,90,,,,,,,,,,,,30,F191819,1.24,,0
17,2019-08-29,9,34.5,506,4,2,2,4,,,,100,,,,,,,,,,,,30,F191820,1.23,,0
18,2019-08-29,9,40.6,964,4,2,2,3,,,,100,,,,,,,,,,,,50,F191821,1.44,,0
19,2019-08-29,9,40,874,4,1,3,3,,,,100,,,,,,,,,,,,50,F191822,1.37,,0
20,2019-08-29,10,32,448,3,2,2,3,,10,80,,,10,,,,,,,,,,46,F191823,1.37,,0
21,2019-08-29,10,47,1332,5,1,11,4,,60,,,,40,,,,,,,,,,46,F191824,1.25,,0
22,2019-08-29,9,38.5,714,4,2,2,4,,,,100,,,,,,,,,,,,40,F191825,1.51,,0
23,2019-08-29,9,37,764,3,1,2,3,,5,,95,,,,,,,,,,,,40,F191826,0.93,,0
24,2019-08-29,3,16.5,42,1,1,1,3,,5,,95,,,,,,,,,,,,,F191827,1.31,,0
25,2019-08-29,3,35,562,3,1,3,4,,,40,,,60,,,,,,,,,,,F191828,1.11,,0
26,2019-08-29,3,32.5,380,2,2,2,4,,,50,50,,,,,,,,,,,,,F191829,1.11,,0
27,2019-08-29,3,16.3,48,1,1,1,3,,,100,,,,,,,,,,,,,,,1.34,,0
28,2019-08-29,3,41.5,956,4,1,3,4,,,30,,,70,,,,,,,,,,,,1.34,,0
29,2019-08-29,3,43.1,962,5,2,3,3,,,95,,,5,,,,,,,,,,,,1.2,,0
30,2019-08-29,3,32.6,436,3,1,2,5,,,40,,,60,,,,,,,,,,,,1.26,,0
31,2019-08-29,3,34,612,3,1,2,3,,,95,,,5,,,,,,,,,,,,1.56,,0
32,2019-08-29,3,40.3,806,4,2,2,5,,,95,,,5,,,,,,,,,,,,1.23,,0
33,2019-08-29,3,43.5,1080,5,2,2,4,,,90,,,10,,,,,,,,,,,,1.31,,0
34,2019-08-29,3,35,592,4,2,2,4,,,,100,,,,,,,,,,,,,,1.38,nyr 34,0
35,2019-08-29,3,47.3,1324,5,1,3,4,,,100,,,,,,,,,,,,,,,1.25,,0
36,2019-08-29,3,44,1068,4,1,3,3,,,60,,,40,,,,,,,,,,,,1.25,,0
37,2019-08-29,3,43,1132,5,1,3,3,,,80,,,20,,,,,,,,,,,,1.42,,0
38,2019-08-29,3,32.3,444,3,2,2,4,,,5,,,95,,,,,,,,,,,,1.32,,0
39,2019-08-29,3,14.8,32,1,2,2,3,,,100,,,,,,,,,,,,,,,0.99,,0
40,2019-08-29,3,36.7,620,4,2,2,4,,,95,,,5,,,,,,,,,,,,1.25,,0
41,2019-08-29,3,45.7,1218,5,1,2,4,,,80,,,20,,,,,,,,,,,,1.28,,0
42,2019-08-29,3,39,818,4,2,2,3,,,80,,,20,,,,,,,,,,,,1.38,,0
43,2019-08-29,3,48,1462,5,1,3,4,,,80,,,20,,,,,,,,,,,,1.32,,0
44,2019-08-29,3,39,790,4,1,2,5,,,50,,,50,,,,,,,,,,,,1.33,,0
45,2019-08-29,3,15.2,38,1,2,1,5,,,,,,100,,,,,,,,,,,,1.08,,0
46,2019-08-29,3,35,530,4,1,3,3,,,95,5,,,,,,,,,,,,,,1.24,,0
47,2019-08-29,3,33.3,478,3,1,2,4,,,90,,,10,,,,,,,,,,,,1.29,,0
48,2019-08-29,3,37.8,644,4,2,2,4,,,,,,100,,,,,,,,,,,,1.19,,0
49,2019-08-29,3,48,1406,6,2,5,3,,,10,,,90,,,,,,,,,,,,1.27,,0
50,2019-08-29,3,20.3,84,2,1,5,4,,,,80,,20,,,,,,,,,,21.5,krús,1,,0
51,2019-08-29,3,34.2,536,3,1,2,2,,,80,,,20,,,,,,,,,,21.5,,1.34,,0
52,2019-08-29,3,40,894,4,2,3,2,,,100,,,,,,,,,,,,,21.5,F191830,1.4,,0
53,2019-08-29,3,20.6,78,2,1,2,3,,10,,,,90,,,,,,,,,,21.5,,0.89,,0
54,2019-08-29,3,45.5,1338,5,1,3,3,,,90,,,10,,,,,,,,,,18.5,,1.42,,0
55,2019-08-29,3,51.2,1906,6,1,11,3,,,80,,,20,,,,,,,,,,18.5,,1.42,,0
56,2019-08-29,3,43.2,970,5,2,4,4,,,90,,,10,,,,,,,,,,,,1.2,,0
57,2019-08-29,3,46,1462,5,1,5,5,,,95,,,5,,,,,,,,,,,,1.5,,0
58,2019-08-30,6,50.7,1604,6,1,3,3,100,,,,,,,,,,,,,,,,F191842,1.23,,0
59,2019-08-30,6,52.5,1616,6,1,2,0,,,,,,,,,,,,,,,,,F191843,1.12,,0
60,2019-08-30,6,50.5,1562,6,1,5,2,100,,,,,,,,,,,,,,,,F191844,1.21,,0
61,2019-08-30,6,48,1310,5,2,5,4,100,,,,,,,,,,,,,,,,F191845,1.18,,0
62,2019-08-30,6,54,1690,7,2,5,5,100,,,,,,,,,,,,,,,,F191846,1.07,,0
63,2019-08-30,4,15.2,35,1,1,1,1,,,,100,,,,,,,,,,,,,F191847,1,,0
64,2019-08-30,4,42.5,896,5,2,4,2,,,,100,,,,,,,,,,,,,F191848,1.17,,0
65,2019-08-30,4,54,1696,7,2,12,2,100,,,,,,,,,,,,,,,,F191849,1.08,,0
66,2019-08-30,4,50,1668,6,1,1,1,100,,,,,,,,,,,,,,,,F191850,1.33,,0
67,2019-08-30,4,58,2406,7,1,12,4,100,,,,,,,,,,,,,,,,F191851,1.23,,0
68,2019-08-30,4,53,1756,6,1,11,1,,100,,,,,,,,,,,,,,,F191852,1.18,,0
69,2019-08-30,4,51.5,1670,,1,11,4,,,,100,,,,,,,,,,,,,F191853,1.22,,0
70,2019-08-30,4,54.5,2074,7,1,11,2,100,,,,,,,,,,,,,,,,F191854,1.28,,0
71,2019-08-30,4,18,44,1,1,1,2,,,,100,,,,,,,,,,,,,F191862,0.75,,0
72,2019-08-30,4,30.7,320,2,1,2,3,,,,100,,,,,,,,,,,,,F191863,1.11,,0
73,2019-08-30,4,40.2,762,3,1,2,3,,,,100,,,,,,,,,,,,,F191864,1.17,,0
74,2019-08-30,4,39,820,3,1,2,3,,,,100,,,,,,,,,,,,,F191865,1.38,,0
75,2019-08-30,4,46.8,1274,6,2,4,3,,,,80,,,,,,20,,,,,,,F191866,1.24,,20
76,2019-08-30,4,49.5,1492,5,1,2,3,,,,,5,,,,,95,,,,,,,F191867,1.23,,95
77,2019-08-30,4,53,1820,7,1,4,2,,,,,20,10,,,,70,,,,,,,F191868,1.22,,70
78,2019-08-30,5,27.7,284,3,2,5,2,100,,,,,,,,,,,,,,,30,F191869,1.34,,0
79,2019-08-30,5,55,1756,7,1,11,4,100,,,,,,,,,,,,,,,30,F191870,1.06,,0
80,2019-08-30,0,18.8,54,1,1,1,2,,,,,100,,,,,,,,,,,,,0.81,,0
81,2019-08-30,0,47.2,1300,5,2,5,2,,,,,100,,,,,,,,,,,,,1.24,,0
82,2019-08-30,0,53,1920,6,1,11,4,,,,,100,,,,,,,,,,,,,1.29,,0
83,2019-08-30,0,50,1432,6,1,12,2,100,,,,,,,,,,,,,,,,,1.15,,0
84,2019-08-30,0,51.5,1848,7,1,10,5,,,,,100,,,,,,,,,,,,,1.35,,0
85,2019-08-30,0,53.2,1724,6,2,5,4,100,,,,,,,,,,,,,,,,,1.14,,0
86,2019-08-30,0,54,1938,6,1,4,4,,,,,100,,,,,,,,,,,,,1.23,,0
87,2019-08-30,0,57.4,1816,8,2,11,0,,,,,,,,,,,,,,,,,,0.96,,0
88,2019-08-30,0,21.4,112,2,,,,,,,,,,,,,,,,,,,,,1.14,,0
89,2019-08-30,0,23.6,170,2,,,,,,,,,,,,,,,,,,,,,1.29,,0
90,2019-08-30,0,26.1,226,2,,,,,,,,,,,,,,,,,,,,,1.27,,0
91,2019-08-30,0,15.5,48,2,,,,,,,,,,,,,,,,,,,,,1.29,,0
92,2019-08-30,0,30.3,336,3,,,,,,,,,,,,,,,,,,,,,1.21,,0
93,2019-08-30,0,34.1,498,3,,,,,,,,,,,,,,,,,,,,,1.26,,0
94,2019-08-30,0,24,166,2,,,,,,,,,,,,,,,,,,,,,1.2,,0
95,2019-08-30,0,25.3,198,2,,,,,,,,,,,,,,,,,,,,,1.22,,0
96,2019-08-30,0,28.5,292,3,,,,,,,,,,,,,,,,,,,,,1.26,,0
97,2019-08-30,0,21.1,118,2,,,,,,,,,,,,,,,,,,,,,1.26,,0
98,2019-08-30,0,23.9,180,2,,,,,,,,,,,,,,,,,,,,,1.32,,0
99,2019-08-30,0,21.5,120,2,,,,,,,,,,,,,,,,,,,,,1.21,,0
100,2019-08-30,0,28.2,280,3,,,,,,,,,,,,,,,,,,,,,1.25,,0
101,2019-08-30,0,34.2,536,3,,,,,,,,,,,,,,,,,,,,,1.34,,0
102,2019-08-30,0,22.2,134,2,,,,,,,,,,,,,,,,,,,,,1.22,,0
103,2019-08-30,0,19.8,80,2,,,,,,,,,,,,,,,,,,,,,1.03,,0
104,2019-08-30,0,17,64,2,,,,,,,,,,,,,,,,,,,,,1.3,,0
105,2019-08-30,0,34.3,520,3,,,,,,,,,,,,,,,,,,,,,1.29,,0
106,2019-08-30,0,37.2,780,4,,,,,,,,,,,,,,,,,,,,,1.52,,0
107,2019-08-30,0,39,822,4,,,,,,,,,,,,,,,,,,,,,1.39,,0
108,2019-08-30,0,32.8,474,3,,,,,,,,,,,,,,,,,,,,,1.34,,0
109,2019-08-30,0,30.8,406,3,,,,,,,,,,,,,,,,,,,,,1.39,,0
110,2019-08-30,0,33.3,508,3,,,,,,,,,,,,,,,,,,,,,1.38,,0
111,2019-08-30,0,19.1,80,2,,,,,,,,,,,,,,,,,,,,,1.15,,0
112,2019-08-30,0,19,86,2,,,,,,,,,,,,,,,,,,,,,1.25,,0
113,2019-08-30,0,17.2,66,2,,,,,,,,,,,,,,,,,,,,,1.3,,0
1,2019-08-31,12,21.5,122,2,2,2,4,100,,,,,,,,,,,,,,,,,1.23,,0
2,2019-08-31,12,34.8,398,3,1,2,3,100,,,,,,,,,,,,,,,,,0.94,,0
3,2019-08-31,12,37.4,536,4,1,2,0,,,,,,,,,,,,,,,,,,1.02,,0
4,2019-08-31,12,39.4,602,4,1,2,2,100,,,,,,,,,,,,,,,,,0.98,,0
5,2019-08-31,12,31,354,3,2,2,2,100,,,,,,,,,,,,,,,,,1.19,,0
6,2019-08-31,12,40,724,4,1,2,5,100,,,,,,,,,,,,,,,,,1.13,,0
7,2019-08-31,12,22.5,98,2,2,2,3,100,,,,,,,,,,,,,,,,,0.86,,0
8,2019-08-31,12,20.7,88,2,2,2,2,,98,,,,,2,,,,,,,,,,,0.99,,0
9,2019-08-31,12,40.3,670,4,2,3,2,100,,,,,,,,,,,,,,,,,1.02,,0
10,2019-08-31,12,53,1702,6,1,11,0,,,,,,,,,,,,,,,,,,1.14,,0
11,2019-08-31,12,66,3526,7,1,4,5,100,,,,,,,,,,,,,,,,,1.23,,0
12,2019-08-31,11,20.9,76,2,1,1,4,100,,,,,,,,,,,,,,,,,0.83,,0
13,2019-08-31,11,32,326,3,2,2,3,100,,,,,,,,,,,,,,,,,0.99,,0
14,2019-08-31,11,34.1,414,3,2,2,0,,,,,,,,,,,,,,,,,,1.04,,0
15,2019-08-31,11,39,644,4,2,2,2,100,,,,,,,,,,,,,,,,,1.09,,0
16,2019-08-31,11,36.2,542,4,2,2,1,,,,,100,,,,,,,,,,,,,1.14,,0
17,2019-08-31,11,38.2,526,5,2,2,1,100,,,,,,,,,,,,,,,,F191891,0.94,,0
18,2019-08-31,11,35.5,470,4,1,2,3,100,,,,,,,,,,,,,,,,F191892,1.05,,0
19,2019-08-31,11,32,420,3,2,2,4,100,,,,,,,,,,,,,,,,F191893,1.28,,0
20,2019-08-31,11,31,314,3,2,2,4,100,,,,,,,,,,,,,,,,F191894,1.05,,0
21,2019-08-31,11,35.5,518,4,2,2,3,100,,,,,,,,,,,,,,,,F191895,1.16,,0
22,2019-08-31,11,36,516,3,2,2,3,,,,,100,,,,,,,,,,,,F191896,1.11,,0
23,2019-08-31,11,33,402,3,2,2,3,100,,,,,,,,,,,,,,,,F191897,1.12,,0
24,2019-08-31,11,34.5,444,3,1,2,4,100,,,,,,,,,,,,,,,,F191898,1.08,,0
25,2019-08-31,11,36.7,556,3,2,2,5,,,,,100,,,,,,,,,,,,,1.12,,0
26,2019-08-31,11,41.5,804,4,1,4,4,,,,,100,,,,,,,,,,,,,1.12,,0
27,2019-08-31,11,35.7,530,3,2,2,4,,,,,100,,,,,,,,,,,,,1.16,,0
28,2019-08-31,11,45.5,1090,5,1,4,4,,,,,100,,,,,,,,,,,,,1.16,,0
29,2019-08-31,11,48,1306,5,1,2,4,,,,,100,,,,,,,,,,,,,1.18,,0
30,2019-08-31,11,47.5,1132,6,1,2,4,,,,,100,,,,,,,,,,,,F191899,1.06,,0
31,2019-08-31,11,54,1966,6,1,3,4,100,,,,,,,,,,,,,,,,F191900,1.25,,0
1,2020-08-27,3,18.7,50,1,1,1,+,,,,,,,,,,,,,,,,18.5,PKD sýni ,0.76,,0
2,2020-08-27,3,18.1,50,1,2,2,2,,,,,,100,,,,,,,,,,18.5,PKD sýni ,0.84,,0
3,2020-08-27,3,18.1,50,1,2,2,3,,,,,,100,,,,,,,,,,18.5,PKD sýni ,0.84,,0
4,2020-08-27,3,28.8,261,2,1,2,2,,,,,,100,,,,,,,,,,18.5,PKD sýni ,1.09,,0
5,2020-08-27,3,30,297,2,1,2,2,,,,,,100,,,,,,,,,,30,PKD sýni ,1.1,,0
6,2020-08-27,3,27,220,2,1,2,2,,,,,,100,,,,,,,,,,30,PKD sýni ,1.12,,0
7,2020-08-27,3,26,196,2,2,2,2,,,,,,100,,,,,,,,,,30,PKD sýni ,1.12,,0
8,2020-08-27,3,30.3,292,2,2,2,2,,,,,,100,,,,,,,,,,30,PKD sýni ,1.05,,0
9,2020-08-27,3,24.6,172,2,1,2,4,,,,,,100,,,,,,,,,,30,PKD sýni ,1.16,,0
10,2020-08-27,3,29.2,267,2,2,2,1,,,,,,100,,,,,,,,,,30,PKD sýni ,1.07,,0
11,2020-08-27,3,32.1,365,2,2,2,3,,,,,,100,,,,,,,,,,30,PKD sýni ,1.1,,0
12,2020-08-27,3,42.6,999,4,1,2,0,,,,,,,,,,,,,,,,50,PKD sýni ,1.29,,0
13,2020-08-27,2,26.7,207,3,2,2,2,,,,100,,,,,,,,,,,,30,PKD sýni ,1.09,,0
14,2020-08-27,2,27.5,221,2,1,2,2,,,,100,,,,,,,,,,,,30,PKD sýni ,1.06,,0
15,2020-08-27,2,28.2,238,2,2,2,2,100,,,,,,,,,,,,,,,30,,1.06,,0
16,2020-08-27,2,27,229,2,2,2,2,100,,,,,,,,,,,,,,,30,,1.16,,0
17,2020-08-27,2,29.5,262,2,2,2,2,,,,100,,,,,,,,,,,,30,,1.02,,0
18,2020-08-27,2,48.8,1446,4,1,9,0,,,,,,,,,,,,,,,,30,,1.24,,0
19,2020-08-27,3,15,34,1,1,1,4,,,,,,100,,,,,,,,,,16.5,PKD sýni ,1.01,,0
20,2020-08-27,3,15,34,1,2,1,2,,,,100,,,,,,,,,,,,16.5,PKD sýni ,1.01,,0
21,2020-08-27,3,15.9,38,1,1,1,2,,,,,,100,,,,,,,,,,16.5,PKD sýni ,0.91,,0
22,2020-08-27,3,27,180,2,1,2,0,,,,,,,,,,,,,,,,16.5,PKD sýni ,0.86,,0
23,2020-08-27,3,23.5,112,2,1,1,0,,,,,,,,,,,,,,,,21.5,,0.95,,0
24,2020-08-27,3,26,167,2,1,2,2,,,,,,100,,,,,,,,,,21.5,,1,,0
25,2020-08-27,3,22.5,114,2,2,2,5,,,,,,100,,,,,,,,,,21.5,,1.04,,0
26,2020-08-27,3,23,127,2,1,2,0,,,,,,,,,,,,,,,,21.5,,1.16,,0
27,2020-08-27,3,28.5,268,2,1,2,3,,,,,,100,,,,,,,,,,21.5,,1.24,,0
29,2020-08-27,3,33,444,3,2,2,1,,,,,,100,,,,,,,,,,40,,1.24,,0
30,2020-08-27,3,38,554,3,1,2,3,,,,,,100,,,,,,,,,,40,,1.01,,0
31,2020-08-27,3,35,502,3,2,2,1,,,,,,100,,,,,,,,,,40,,1.17,,0
32,2020-08-27,3,35,475,3,1,2,1,,,,,,100,,,,,,,,,,40,,1.11,,0
33,2020-08-27,3,34.5,464,3,1,1,1,,,,,,100,,,,,,,,,,40,,1.13,,0
34,2020-08-27,3,33.1,427,3,1,2,1,,,,,,100,,,,,,,,,,40,,1.18,,0
35,2020-08-27,3,33.4,442,3,1,2,0,,,,,,,,,,,,,,,,40,,1.19,,0
36,2020-08-27,3,28.5,226,2,1,2,1,,,,,,100,,,,,,,,,,40,,0.98,,0
37,2020-08-27,3,30.7,309,2,2,2,0,,,,,,,,,,,,,,,,35,,1.07,,0
38,2020-08-27,3,32,392,2,1,2,0,,,,,,,,,,,,,,,,35,,1.2,,0
39,2020-08-27,3,31.5,355,3,1,2,0,,,,,,,,,,,,,,,,35,,1.14,,0
40,2020-08-27,3,13.5,18,1,1,1,0,,,,,,,,,,,,,,,,25,,0.73,,0
44,2020-08-27,10,21.5,102,2,1,1,0,,,,,,,,,,,,,,,,21.5,,1.03,,0
45,2020-08-27,10,20.4,82,2,1,1,4,100,,,,,,,,,,,,,,,21.5,,0.97,,0
46,2020-08-27,10,27,215,2,1,1,1,100,,,,,,,,,,,,,,,30,,1.09,,0
47,2020-08-27,10,27.3,210,2,2,2,3,30,,,,,70,,,,,,,,,,30,,1.03,,0
48,2020-08-27,10,27.5,230,2,2,2,3,,,,90,,10,,,,,,,,,,30,,1.11,,0
49,2020-08-27,10,28,245,3,2,2,0,,,,,,,,,,,,,,,,30,,1.12,,0
51,2020-08-27,1,18.2,66,1,1,1,0,,,,,,,,,,,,,,,,18.5,,1.09,,0
52,2020-08-27,1,18,56,1,1,1,4,,,,,,100,,,,,,,,,,18.5,,0.96,,0
53,2020-08-27,1,17.5,53,1,2,2,4,,,,,,100,,,,,,,,,,18.5,,0.99,,0
54,2020-08-27,1,25.5,180,2,1,2,1,,,,,,100,,,,,,,,,,18.5,,1.09,,0
55,2020-08-27,1,17.5,50,1,2,1,2,,,,,,100,,,,,,,,,,18.5,,0.93,,0
61,2020-08-27,1,27,219,2,1,2,4,,,,,,100,,,,,,,,,,30,,1.11,,0
62,2020-08-27,1,28,221,2,2,2,3,,,,70,,30,,,,,,,,,,30,,1.01,,0
63,2020-08-27,1,29.5,269,2,2,2,2,,,,,,100,,,,,,,,,,30,,1.05,,0
64,2020-08-27,1,32.5,382,3,1,2,2,,,,,,100,,,,,,,,,,30,,1.11,,0
65,2020-08-27,1,31,341,2,1,1,3,,,,,,100,,,,,,,,,,30,,1.14,,0
66,2020-08-27,10,33.1,385,3,2,2,0,,,,,,,,,,,,,,,,35,,1.06,,0
67,2020-08-27,10,34,425,3,1,2,2,,,,100,,,,,,,,,,,,35,,1.08,,0
68,2020-08-27,10,32.6,361,3,1,2,0,,,,,,,,,,,,,,,,35,,1.04,,0
69,2020-08-27,10,30.2,312,2,1,2,1,,,,100,,,,,,,,,,,,35,,1.13,,0
71,2020-08-27,1,38.6,640,4,2,2,3,,,,,,100,,,,,,,,,,46,,1.11,,0
72,2020-08-27,1,41,779,4,1,2,3,,,,,,100,,,,,,,,,,46,,1.13,,0
73,2020-08-27,10,39.3,769,4,1,2,3,100,,,,,,,,,,,,,,,50,,1.27,,0
74,2020-08-27,10,47,1356,5,1,4,4,100,,,,,,,,,,,,,,,50,,1.31,,0
75,2020-08-27,2,18.1,47,1,2,2,0,,,,,,,,,,,,,,,,18.5,,0.79,,0
76,2020-08-27,2,16.7,46,1,1,1,3,100,,,,,,,,,,,,,,,18.5,,0.99,,0
77,2020-08-27,2,18,57,2,2,2,,,,,,,,,,,,,,,100,,18.5,Í magasýni,0.98,,100
78,2020-08-27,2,17.8,58,2,2,2,5,100,,,,,,,,,,,,,,,18.5,,1.03,,0
79,2020-08-27,9,24.5,138,2,1,1,0,,,,,,,,,,,,,,,,25,,0.94,,0
80,2020-08-27,9,25.5,161,2,2,2,0,,,,,,,,,,,,,,,,25,,0.97,,0
81,2020-08-27,9,24.7,152,2,1,1,0,,,,,,,,,,,,,,,,25,,1.01,,0
82,2020-08-27,9,40.2,703,4,1,2,0,,,,,,,,,,,,,,,,25,,1.08,,0
83,2020-08-27,9,27.6,226,3,2,2,1,,,,100,,,,,,,,,,,,30,,1.07,,0
84,2020-08-27,9,32.5,448,3,2,2,4,100,,,,,,,,,,,,,,,30,,1.31,,0
85,2020-08-27,9,29.2,250,2,2,2,0,,,,,,,,,,,,,,,,30,,1,,0
86,2020-08-27,9,27.2,212,2,1,2,2,,,,100,,,,,,,,,,,,30,,1.05,,0
87,2020-08-27,9,29.6,301,2,2,2,2,100,,,,,,,,,,,,,,,35,,1.16,,0
88,2020-08-27,9,35.2,474,3,2,2,5,100,,,,,,,,,,,,,,,35,,1.09,,0
89,2020-08-27,9,40,839,4,1,2,4,100,,,,,,,,,,,,,,,35,,1.31,,0
90,2020-08-27,9,18.5,68,2,2,2,0,,,,,,,,,,,,,,,,21.5,,1.07,,0
91,2020-08-27,9,37,557,4,1,2,0,,,,,,,,,,,,,,,,40,,1.1,,0
93,2020-08-27,2,40.5,715,4,1,2,0,,,,,,,,,,,,,,,,46,,1.08,,0
95,2020-08-27,1,20.2,81,1,1,1,3,100,,,,,,,,,,,,,,,21.5,,0.98,,0
96,2020-08-27,1,21.6,91,2,1,2,3,,,,,,100,,,,,,,,,,21.5,,0.9,,0
97,2020-08-27,10,17.2,44,1,1,1,2,,,,100,,,,,,,,,,,,16.5,,0.86,,0
98,2020-08-27,9,43.5,927,5,1,2,4,100,,,,,,,,,,,,,,,35,,1.13,,0
99,2020-08-27,9,37.2,710,4,2,2,0,,,,,,,,,,,,,,,,35,,1.38,,0
100,2020-08-27,9,39.2,679,4,2,2,0,,,,,,,,,,,,,,,,35,,1.13,,0
101,2020-08-27,9,48.5,1413,5,2,5,4,100,,,,,,,,,,,,,,,35,,1.24,,0
102,2020-08-27,9,50.5,1349,6,1,10,3,100,,,,,,,,,,,,,,,35,,1.05,,0
103,2020-08-27,9,51.7,1751,6,1,12,4,100,,,,,,,,,,,,,,,35,,1.27,,0
104,2020-08-28,5,16.5,39,3,1,1,3,100,,,,,,,,,,,,,,,16.5,PKD sýni ,0.87,,0
105,2020-08-28,5,14.8,32,1,1,1,1,100,,,,,,,,,,,,,,,16.5,PKD sýni ,0.99,,0
106,2020-08-28,5,15.1,36,1,2,1,2,100,,,,,,,,,,,,,,,16.5,PKD sýni ,1.05,,0
107,2020-08-28,5,33.3,499,3,1,2,5,100,,,,,,,,,,,,,,,40,,1.35,,0
108,2020-08-28,5,33,439,3,1,2,3,100,,,,,,,,,,,,,,,40,,1.22,,0
109,2020-08-28,5,19,63,2,1,1,4,100,,,,,,,,,,,,,,,18.5,PKD sýni ,0.92,,0
111,2020-08-28,5,57,1768,7,1,12,3,100,,,,,,,,,,,,,,,18.5,,0.95,,0
112,2020-08-28,5,36.4,631,3,1,2,2,100,,,,,,,,,,,,,,,30,,1.31,,0
113,2020-08-28,5,37.6,658,4,1,2,0,,,,,,,,,,,,,,,,30,,1.24,,0
114,2020-08-28,5,49,1698,6,1,4,4,100,,,,,,,,,,,,,,,30,,1.44,,0
115,2020-08-28,5,58,2192,7,1,11,0,,,,,,,,,,,,,,,,30,,1.12,,0
116,2020-08-28,5,33.5,462,3,1,2,1,100,,,,,,,,,,,,,,,35,,1.23,,0
117,2020-08-28,5,33.3,413,3,1,2,3,100,,,,,,,,,,,,,,,35,,1.12,,0
120,2020-08-28,5,37.5,593,4,2,3,0,,,,,,,,,,,,,,,,35,,1.12,,0
121,2020-08-28,5,38.2,687,4,2,2,2,100,,,,,,,,,,,,,,,46,,1.23,,0
122,2020-08-28,5,47,1300,5,1,11,5,100,,,,,,,,,,,,,,,46,,1.25,,0
123,2020-08-28,4,18,47,1,2,1,0,,,,,,,,,,,,,,,,16.5,,0.81,,0
124,2020-08-28,4,17.9,49,2,1,1,0,,,,,,,,,,,,,,,,16.5,,0.85,,0
125,2020-08-28,4,17.5,46,2,2,1,0,,,,,,,,,,,,,,,,16.5,,0.86,,0
126,2020-08-28,4,29.8,262,2,1,2,0,,,,,,,,,,,,,,,,25,,0.99,,0
127,2020-08-28,4,29.8,311,2,2,2,2,100,,,,,,,,,,,,,,,25,,1.18,,0
128,2020-08-28,4,22.2,114,2,2,1,0,,,,,,,,,,,,,,,,25,,1.04,,0
130,2020-08-28,4,29.2,278,2,1,2,0,,,,,,,,,,,,,,,,30,,1.12,,0
131,2020-08-28,4,25.6,193,2,1,2,2,100,,,,,,,,,,,,,,,30,,1.15,,0
132,2020-08-28,4,41,851,4,1,2,4,,,,,,,,,,,,,,,,30,,1.23,,0
133,2020-08-28,4,52,1905,5,1,11,4,100,,,,,,,,,,,,,,,30,,1.35,,0
134,2020-08-28,4,25.2,153,3,2,9,0,,,,,,,,,,,,,,,,18.5,Krús,0.96,,0
135,2020-08-28,4,45,1013,5,2,5,0,,,,,,,,,,,,,,,,50,,1.11,,0
136,2020-08-28,4,48,1585,5,1,3,4,100,,,,,,,,,,,,,,,46,,1.43,,0
137,2020-08-28,6,16,36,2,1,1,3,100,,,,,,,,,,,,,,,16.5,,0.88,,0
144,2020-08-28,6,22,118,2,2,2,0,,,,,,,,,,,,,,,,25,,1.11,,0
145,2020-08-28,6,26.6,201,3,2,10,0,,,,,,,,,,,,,,,,25,,1.07,,0
146,2020-08-28,6,29.9,289,2,2,2,2,,,,100,,,,,,,,,,,,25,,1.08,,0
147,2020-08-28,6,29.7,297,3,1,2,0,,,,,,,,,,,,,,,,25,,1.13,,0
151,2020-08-28,6,54,1971,7,1,11,3,,,,,100,,,,,,,,,,,40,,1.25,,0
152,2020-08-28,6,42,791,4,2,5,0,,,,,,,,,,,,,,,,35,,1.07,,0
153,2020-08-28,6,53,1555,6,1,4,0,,,,,,,,,,,,,,,,35,,1.04,,0
154,2020-08-28,6,45.2,1073,5,2,5,0,,,,,,,,,,,,,,,,35,,1.16,,0
155,2020-08-28,6,53.5,1956,7,2,11,4,,,,,,,,,,,,,,,,35,,1.28,,0
156,2020-08-28,6,39.8,713,4,1,3,0,,,,,,,,,,,,,,,,46,,1.13,,0
158,2020-08-28,4,20.5,81,2,2,2,2,,,,100,,,,,,,,,,,,21.5,,0.94,,0
159,2020-08-28,4,19.5,81,1,1,1,5,100,,,,,,,,,,,,,,,21.5,,1.09,,0
160,2020-08-28,4,23,151,2,2,6,0,,,,,,,,,,,,,,,,21.5,,1.24,,0
162,2020-08-28,4,18,61,1,2,1,0,,,,,,,,,,,,,,,,21.5,,1.05,,0
163,2020-08-28,4,19.9,80,1,1,1,2,100,,,,,,,,,,,,,,,21.5,,1.02,,0
164,2020-08-28,4,17.4,54,1,2,1,4,100,,,,,,,,,,,,,,,21.5,,1.03,,0
165,2020-08-28,4,17,46,1,1,1,2,,,,100,,,,,,,,,,,,21.5,,0.94,,0
166,2020-08-28,4,17,47,1,1,1,0,,,,,,,,,,,,,,,,21.5,,0.96,,0
168,2020-08-28,4,54,2170,6,1,4,3,100,,,,,,,,,,,,,,,21.5,,1.38,,0
169,2020-08-28,4,31.2,326,3,1,2,2,100,,,,,,,,,,,,,,,30,,1.07,,0
170,2020-08-28,4,29.5,289,3,1,1,0,,,,,,,,,,,,,,,,30,,1.13,,0
171,2020-08-28,4,35.2,466,3,2,2,4,100,,,,,,,,,,,,,,,35,,1.07,,0
172,2020-08-28,4,38.7,693,4,2,3,0,,,,,,,,,,,,,,,,35,,1.2,,0
173,2020-08-28,4,28,257,3,2,1,2,100,,,,,,,,,,,,,,,35,,1.17,,0
174,2020-08-28,4,44,1079,5,2,5,2,100,,,,,,,,,,,,,,,50,,1.27,,0
175,2020-08-28,4,45.5,1147,6,1,4,0,,,,,,,,,,,,,,,,50,,1.22,,0
176,2020-08-28,4,43.5,916,5,2,4,3,,,,,100,,,,,,,,,,,46,,1.11,,0
177,2020-08-28,4,41.5,903,4,1,3,4,100,,,,,,,,,,,,,,,46,,1.26,,0
179,2020-08-30,11,24,126,2,2,2,2,,100,,,,,,,,,,,,,,,PKD sýni ,0.91,,0
180,2020-08-30,11,24.5,132,2,1,1,4,100,,,,,,,,,,,,,,,,,0.9,,0
181,2020-08-30,11,21.7,99,2,2,2,4,100,,,,,,,,,,,,,,,,,0.97,,0
182,2020-08-30,11,22.5,120,2,1,1,4,100,,,,,,,,,,,,,,,,PKD sýni ,1.05,,0
183,2020-08-30,11,27.5,233,3,2,2,5,100,,,,,,,,,,,,,,,,,1.12,,0
184,2020-08-30,11,26.3,179,2,2,2,5,100,,,,,,,,,,,,,,,,,0.98,,0
185,2020-08-30,11,28.6,244,3,1,1,5,100,,,,,,,,,,,,,,,,,1.04,,0
186,2020-08-30,11,31,346,3,1,2,5,100,,,,,,,,,,,,,,,,,1.16,,0
187,2020-08-30,11,34.1,447,3,2,2,4,100,,,,,,,,,,,,,,,,,1.13,,0
188,2020-08-30,11,26.8,266,2,1,5,0,,,,,,,,,,,,,,,,,,1.38,,0
189,2020-08-30,11,28.8,303,3,2,2,3,100,,,,,,,,,,,,,,,,PKD sýni ,1.27,,0
190,2020-08-30,11,31.9,373,3,2,2,3,100,,,,,,,,,,,,,,,,,1.15,,0
191,2020-08-30,11,38,635,5,2,2,4,100,,,,,,,,,,,,,,,,,1.16,,0
192,2020-08-30,11,27.5,222,2,1,2,4,100,,,,,,,,,,,,,,,,,1.07,,0
193,2020-08-30,11,31,345,3,2,2,4,100,,,,,,,,,,,,,,,,,1.16,,0
194,2020-08-30,11,38.5,684,4,2,5,3,90,,,,10,,,,,,,,,,,,,1.2,,0
195,2020-08-30,11,25,143,2,1,1,0,,,,,,,,,,,,,,,,,,0.92,,0
196,2020-08-30,11,40.5,804,4,1,2,5,,,,,100,,,,,,,,,,,,,1.21,,0
197,2020-08-30,11,43,970,4,1,2,0,,,,,,,,,,,,,,,,,,1.22,,0
198,2020-08-30,11,38.6,827,4,1,2,2,100,,,,,,,,,,,,,,,,,1.44,,0
199,2020-08-30,11,44,946,5,2,2,4,100,,,,,,,,,,,,,,,,,1.11,,0
207,2020-08-30,12,21.7,90,2,2,2,1,,,,,,,,,,,,,100,,,,,0.88,,100
208,2020-08-30,12,20.5,86,2,1,1,1,,100,,,,,,,,,,,,,,,,1,,0
209,2020-08-30,12,25.3,153,2,1,2,2,,,,,100,,,,,,,,,,,,,0.94,,0
210,2020-08-30,12,38,648,4,2,4,2,,,,,100,,,,,,,,,,,,,1.18,,0
211,2020-08-30,12,36,556,4,2,2,0,,,,,,,,,,,,,,,,,,1.19,,0
212,2020-08-30,12,50.3,1230,5,1,11,3,,,,,100,,,,,,,,,,,,,0.97,,0
213,2020-08-30,12,30.5,338,4,1,5,3,,,,,100,,,,,,,,,,,,,1.19,,0
214,2020-08-30,12,35.2,464,3,2,5,2,,,,,100,,,,,,,,,,,,,1.06,,0
215,2020-08-30,12,40.5,760,4,1,2,5,,,,,100,,,,,,,,,,,,,1.14,,0
216,2020-08-30,12,42.6,940,5,1,2,4,,,,,100,,,,,,,,,,,,,1.22,,0
217,2020-08-30,12,46.4,1182,5,1,4,0,,,,,,,,,,,,,,,,,,1.18,,0
218,2020-08-30,12,20,74,2,1,1,2,100,,,,,,,,,,,,,,,,,0.93,,0
219,2020-08-30,12,33,371,3,1,2,0,,,,,,,,,,,,,,,,,,1.03,,0
222,2020-08-30,12,23.2,120,2,,,1,,,,,,,,,,,,,100,,,,,0.96,,100
225,2020-08-27,3,30.5,312,2,,,,,,,,,,,,,,,,,,,30,,1.1,,0
228,2020-08-27,3,27.3,226,2,,,,,,,,,,,,,,,,,,,30,,1.11,,0
231,2020-08-27,3,29,269,2,,,,,,,,,,,,,,,,,,,30,,1.1,,0
234,2020-08-27,3,28.1,257,2,,,,,,,,,,,,,,,,,,,30,,1.16,,0
237,2020-08-27,3,27.8,233,3,,,,,,,,,,,,,,,,,,,30,,1.08,,0
240,2020-08-27,3,27.5,225,3,,,,,,,,,,,,,,,,,,,30,,1.08,,0
243,2020-08-27,3,29.2,268,2,,,,,,,,,,,,,,,,,,,30,,1.08,,0
246,2020-08-27,3,28.5,267,3,,,,,,,,,,,,,,,,,,,30,,1.15,,0
249,2020-08-27,3,28,242,2,,,,,,,,,,,,,,,,,,,30,,1.1,,0
252,2020-08-27,3,30.4,309,2,,,,,,,,,,,,,,,,,,,30,,1.1,,0
255,2020-08-27,3,31.5,368,3,,,,,,,,,,,,,,,,,,,35,,1.18,,0
258,2020-08-27,3,31.5,338,3,,,,,,,,,,,,,,,,,,,35,,1.08,,0
261,2020-08-27,3,30,329,2,,,,,,,,,,,,,,,,,,,35,,1.22,,0
264,2020-08-27,3,28.3,267,2,,,,,,,,,,,,,,,,,,,35,,1.18,,0
267,2020-08-27,3,29.7,327,3,,,,,,,,,,,,,,,,,,,35,,1.25,,0
270,2020-08-27,3,30,342,2,,,,,,,,,,,,,,,,,,,35,,1.27,,0
273,2020-08-27,3,30.6,338,2,,,,,,,,,,,,,,,,,,,35,,1.18,,0
276,2020-08-27,3,28.5,251,3,,,,,,,,,,,,,,,,,,,25,,1.08,,0
279,2020-08-27,3,31.5,361,3,,,,,,,,,,,,,,,,,,,25,,1.15,,0
282,2020-08-27,3,31,358,3,,,,,,,,,,,,,,,,,,,25,,1.2,,0
285,2020-08-27,3,26.5,191,2,,,,,,,,,,,,,,,,,,,25,,1.03,,0
288,2020-08-27,3,26.6,205,2,,,,,,,,,,,,,,,,,,,25,,1.09,,0
291,2020-08-27,1,17.5,52,1,,,,,,,,,,,,,,,,,,,18.5,,0.97,,0
294,2020-08-27,1,16.7,49,1,,,,,,,,,,,,,,,,,,,18.5,,1.05,,0
297,2020-08-27,1,17.3,50,1,,,,,,,,,,,,,,,,,,,18.5,,0.97,,0
300,2020-08-27,1,19.7,68,2,,,,,,,,,,,,,,,,,,,18.5,,0.89,,0
303,2020-08-27,1,18.5,66,1,,,,,,,,,,,,,,,,,,,18.5,,1.04,,0
306,2020-08-27,1,18.5,60,1,,,,,,,,,,,,,,,,,,,18.5,,0.95,,0
309,2020-08-27,1,17.2,55,1,,,,,,,,,,,,,,,,,,,18.5,,1.08,,0
312,2020-08-27,1,17,50,1,,,,,,,,,,,,,,,,,,,18.5,,1.02,,0
315,2020-08-27,1,27,220,2,,,,,,,,,,,,,,,,,,,30,,1.12,,0
318,2020-08-27,1,30.5,303,2,,,,,,,,,,,,,,,,,,,30,,1.07,,0
321,2020-08-27,1,32,389,3,,,,,,,,,,,,,,,,,,,30,,1.19,,0
324,2020-08-27,1,28,242,2,,,,,,,,,,,,,,,,,,,30,,1.1,,0
327,2020-08-27,1,29.6,297,3,,,,,,,,,,,,,,,,,,,30,,1.15,,0
330,2020-08-27,1,28,261,2,,,,,,,,,,,,,,,,,,,30,,1.19,,0
333,2020-08-27,1,29.5,280,2,,,,,,,,,,,,,,,,,,,30,,1.09,,0
336,2020-08-27,1,34,434,3,,,,,,,,,,,,,,,,,,,30,,1.1,,0
339,2020-08-27,1,29.3,284,2,,,,,,,,,,,,,,,,,,,30,,1.13,,0
342,2020-08-27,9,31.2,383,3,,,,,,,,,,,,,,,,,,,35,,1.26,,0
345,2020-08-27,9,33.3,413,3,,,,,,,,,,,,,,,,,,,35,,1.12,,0
348,2020-08-27,9,32,369,3,,,,,,,,,,,,,,,,,,,35,,1.13,,0
351,2020-08-27,9,32.8,378,3,,,,,,,,,,,,,,,,,,,40,,1.07,,0
354,2020-08-27,9,34.6,461,3,,,,,,,,,,,,,,,,,,,40,,1.11,,0
357,2020-08-27,9,29.2,308,2,,,,,,,,,,,,,,,,,,,18.5,,1.24,,0
360,2020-08-27,9,33.1,513,3,,,,,,,,,,,,,,,,,,,46,,1.41,,0
363,2020-08-27,1,28,223,2,,,,,,,,,,,,,,,,,,,21.5,,1.02,,0
366,2020-08-27,1,21.5,97,2,,,,,,,,,,,,,,,,,,,21.5,,0.98,,0
369,2020-08-27,1,20.5,82,2,,,,,,,,,,,,,,,,,,,21.5,,0.95,,0
372,2020-08-27,1,18,59,1,,,,,,,,,,,,,,,,,,,21.5,,1.01,,0
375,2020-08-27,1,30.2,329,2,,,,,,,,,,,,,,,,,,,35,,1.19,,0
378,2020-08-27,1,29,248,2,,,,,,,,,,,,,,,,,,,35,,1.02,,0
381,2020-08-27,1,29.6,325,3,,,,,,,,,,,,,,,,,,,35,,1.25,,0
384,2020-08-27,1,34.1,403,3,,,,,,,,,,,,,,,,,,,25,,1.02,,0
387,2020-08-27,1,24,145,2,,,,,,,,,,,,,,,,,,,25,,1.05,,0
390,2020-08-27,1,22.6,133,2,,,,,,,,,,,,,,,,,,,25,,1.15,,0
393,2020-08-27,1,22.8,124,2,,,,,,,,,,,,,,,,,,,25,,1.05,,0
396,2020-08-27,1,24.5,143,2,,,,,,,,,,,,,,,,,,,25,,0.97,,0
399,2020-08-27,1,39,802,4,,,,,,,,,,,,,,,,,,,50,,1.35,,0
402,2020-08-27,1,30.6,322,2,,,,,,,,,,,,,,,,,,,25,,1.12,,0
405,2020-08-27,2,15.5,39,1,,,,,,,,,,,,,,,,,,,16.5,,1.05,,0
408,2020-08-27,1,33.8,435,3,,,,,,,,,,,,,,,,,,,46,,1.13,,0
411,2020-08-27,1,33,431,3,,,,,,,,,,,,,,,,,,,46,,1.2,,0
414,2020-08-27,1,15.7,40,1,,,,,,,,,,,,,,,,,,,16.5,,1.03,,0
417,2020-08-27,1,15,35,1,,,,,,,,,,,,,,,,,,,16.5,,1.04,,0
420,2020-08-27,1,15.5,34,1,,,,,,,,,,,,,,,,,,,16.5,,0.91,,0
423,2020-08-27,2,31.7,338,3,,,,,,,,,,,,,,,,,,,35,,1.06,,0
426,2020-08-27,2,29,272,2,,,,,,,,,,,,,,,,,,,35,,1.12,,0
429,2020-08-27,2,32.7,441,3,,,,,,,,,,,,,,,,,,,35,,1.26,,0
432,2020-08-27,2,31,333,3,,,,,,,,,,,,,,,,,,,35,,1.12,,0
435,2020-08-27,2,31.4,345,3,,,,,,,,,,,,,,,,,,,35,,1.11,,0
438,2020-08-27,2,28.5,258,3,,,,,,,,,,,,,,,,,,,35,,1.11,,0
441,2020-08-27,2,28,215,2,,,,,,,,,,,,,,,,,,,35,,0.98,,0
444,2020-08-27,2,40.5,752,4,,,,,,,,,,,,,,,,,,,50,,1.13,,0
447,2020-08-27,2,43.5,963,5,,,,,,,,,,,,,,,,,,,50,,1.17,,0
450,2020-08-28,5,26,203,2,,,,,,,,,,,,,,,,,,,30,,1.15,,0
453,2020-08-28,5,29.5,300,2,,,,,,,,,,,,,,,,,,,30,,1.17,,0
456,2020-08-28,5,28,263,2,,,,,,,,,,,,,,,,,,,30,,1.2,,0
459,2020-08-28,5,31.4,356,3,,,,,,,,,,,,,,,,,,,30,,1.15,,0
462,2020-08-28,5,29,315,2,,,,,,,,,,,,,,,,,,,35,,1.29,,0
465,2020-08-28,5,37.5,619,4,,,,,,,,,,,,,,,,,,,35,,1.17,,0
468,2020-08-28,5,25.3,157,2,,,,,,,,,,,,,,,,,,,21.5,,0.97,,0
471,2020-08-28,5,19.7,71,2,,,,,,,,,,,,,,,,,,,21.5,,0.93,,0
474,2020-08-28,5,29.2,325,2,,,,,,,,,,,,,,,,,,,25,,1.31,,0
477,2020-08-28,5,23.7,144,2,,,,,,,,,,,,,,,,,,,25,,1.08,,0
480,2020-08-28,4,16.2,37,1,,,,,,,,,,,,,,,,,,,16.5,,0.87,,0
483,2020-08-28,4,16,37,1,,,,,,,,,,,,,,,,,,,16.5,,0.9,,0
486,2020-08-28,4,17.9,43,1,,,,,,,,,,,,,,,,,,,16.5,,0.75,,0
489,2020-08-28,4,28.2,230,2,,,,,,,,,,,,,,,,,,,30,,1.03,,0
492,2020-08-28,4,28,232,2,,,,,,,,,,,,,,,,,,,30,,1.06,,0
495,2020-08-28,4,26.6,200,2,,,,,,,,,,,,,,,,,,,30,,1.06,,0
498,2020-08-28,4,29,294,2,,,,,,,,,,,,,,,,,,,35,,1.21,,0
501,2020-08-28,4,30,315,2,,,,,,,,,,,,,,,,,,,35,,1.17,,0
504,2020-08-28,4,31.2,363,3,,,,,,,,,,,,,,,,,,,35,,1.2,,0
507,2020-08-28,4,20.2,69,2,,,,,,,,,,,,,,,,,,,18.5,,0.84,,0
510,2020-08-28,4,21.5,84,2,,,,,,,,,,,,,,,,,,,18.5,,0.85,,0
513,2020-08-28,4,16.6,48,1,,,,,,,,,,,,,,,,,,,18.5,,1.06,,0
516,2020-08-28,4,19,62,2,,,,,,,,,,,,,,,,,,,18.5,,0.9,,0
519,2020-08-28,4,21.2,83,2,,,,,,,,,,,,,,,,,,,21.5,,0.87,,0
522,2020-08-28,4,21.2,83,2,,,,,,,,,,,,,,,,,,,21.5,,0.87,,0
525,2020-08-28,4,34,459,3,,,,,,,,,,,,,,,,,,,40,,1.17,,0
528,2020-08-28,6,26.6,210,2,,,,,,,,,,,,,,,,,,,25,,1.12,,0
531,2020-08-28,6,28.6,277,3,,,,,,,,,,,,,,,,,,,25,,1.18,,0
534,2020-08-28,6,18.6,68,1,,,,,,,,,,,,,,,,,,,21.5,,1.06,,0
537,2020-08-28,6,19,68,2,,,,,,,,,,,,,,,,,,,21.5,,0.99,,0
540,2020-08-28,6,18.9,59,1,,,,,,,,,,,,,,,,,,,18.5,,0.87,,0
543,2020-08-28,6,19.2,56,2,,,,,,,,,,,,,,,,,,,18.5,,0.79,,0
546,2020-08-28,6,53.5,1945,6,,,,,,,,,,,,,,,,,,,50,,1.27,,0
549,2020-08-28,6,54,2121,7,,,,,,,,,,,,,,,,,,,50,,1.35,,0
552,2020-08-28,6,42.5,896,4,,,,,,,,,,,,,,,,,,,50,,1.17,,0
555,2020-08-28,6,44,968,5,,,,,,,,,,,,,,,,,,,50,,1.14,,0
558,2020-08-28,6,41,927,4,,,,,,,,,,,,,,,,,,,50,,1.35,,0
561,2020-08-28,4,20.2,71,2,,,,,,,,,,,,,,,,,,,30,,0.86,,0
564,2020-08-28,4,22.1,104,2,,,,,,,,,,,,,,,,,,,30,,0.96,,0
567,2020-08-28,4,18.6,58,,,,,,,,,,,,,,,,,,,,30,,0.9,,0
570,2020-08-28,4,29.3,258,2,,,,,,,,,,,,,,,,,,,30,,1.03,,0
573,2020-08-28,4,26.5,210,2,,,,,,,,,,,,,,,,,,,30,,1.13,,0
576,2020-08-28,4,25.6,175,2,,,,,,,,,,,,,,,,,,,30,,1.04,,0
579,2020-08-28,4,27.6,238,3,,,,,,,,,,,,,,,,,,,30,,1.13,,0
582,2020-08-28,4,25.6,180,2,,,,,,,,,,,,,,,,,,,30,,1.07,,0
585,2020-08-28,4,28.7,258,3,,,,,,,,,,,,,,,,,,,30,,1.09,,0
588,2020-08-28,4,28.7,255,3,,,,,,,,,,,,,,,,,,,30,,1.08,,0
591,2020-08-28,4,34.5,552,3,,,,,,,,,,,,,,,,,,,35,,1.34,,0
594,2020-08-28,4,32.8,455,3,,,,,,,,,,,,,,,,,,,35,,1.29,,0
597,2020-08-28,4,39.2,764,4,,,,,,,,,,,,,,,,,,,35,,1.27,,0
600,2020-08-28,4,25.4,174,2,,,,,,,,,,,,,,,,,,,25,,1.06,,0
603,2020-08-28,4,23.4,134,2,,,,,,,,,,,,,,,,,,,25,,1.05,,0
606,2020-08-28,4,24.2,129,2,,,,,,,,,,,,,,,,,,,25,,0.91,,0
609,2020-08-28,4,25.5,172,2,,,,,,,,,,,,,,,,,,,25,,1.04,,0
612,2020-08-28,4,30.1,328,2,,,,,,,,,,,,,,,,,,,25,,1.2,,0
615,2020-08-28,4,38,664,4,,,,,,,,,,,,,,,,,,,25,,1.21,,0
618,2020-08-28,4,22.5,150,2,,,,,,,,,,,,,,,,,,,25,,1.32,,0
621,2020-08-28,4,39,756,4,,,,,,,,,,,,,,,,,,,25,,1.27,,0
624,2020-08-28,4,36.5,536,3,,,,,,,,,,,,,,,,,,,40,,1.1,,0
627,2020-08-28,4,32,439,3,,,,,,,,,,,,,,,,,,,40,,1.34,,0
630,2020-08-28,4,26,207,2,,,,,,,,,,,,,,,,,,,40,,1.18,,0
633,2020-08-28,4,44,1101,5,,,,,,,,,,,,,,,,,,,40,,1.29,,0
636,2020-08-28,4,18.4,48,1,,,,,,,,,,,,,,,,,,,16.5,,0.77,,0
639,2020-08-28,4,16.4,51,1,,,,,,,,,,,,,,,,,,,16.5,,1.16,,0
642,2020-08-28,4,17.6,45,1,,,,,,,,,,,,,,,,,,,16.5,,0.83,,0
645,2020-08-28,4,16.3,39,1,,,,,,,,,,,,,,,,,,,16.5,,0.9,,0
648,2020-08-28,4,14.5,31,1,,,,,,,,,,,,,,,,,,,16.5,,1.02,,0
651,2020-08-28,0,53.5,1695,6,,,,,,,,,,,,,,,,,,,18.5,,1.11,,0
654,2020-08-28,0,48.2,1309,5,,,,,,,,,,,,,,,,,,,30,,1.17,,0
657,2020-08-28,0,54,1850,7,,,,,,,,,,,,,,,,,,,35,,1.17,,0
660,2020-08-28,0,57.2,2008,7,,,,,,,,,,,,,,,,,,,25,,1.07,,0
663,2020-08-28,0,51.2,1534,6,,,,,,,,,,,,,,,,,,,25,,1.14,,0
666,2020-08-30,12,18.5,58,1,,,,,,,,,,,,,,,,,,,,,0.92,,0
669,2020-08-30,12,26.4,197,2,,,,,,,,,,,,,,,,,,,,,1.07,,0
672,2020-08-30,12,30.5,302,2,,,,,,,,,,,,,,,,,,,,,1.06,,0
675,2020-08-30,12,41.9,828,4,,,,,,,,,,,,,,,,,,,,,1.13,,0
678,2020-08-30,12,39.5,773,4,,,,,,,,,,,,,,,,,,,,,1.25,,0
681,2020-08-30,12,26.2,202,2,,,,,,,,,,,,,,,,,,,,,1.12,,0
684,2020-08-30,12,38.8,697,4,,,,,,,,,,,,,,,,,,,,,1.19,,0