name,stage,time,middle,lower16,upper84
log_rho_init,NA,NA,-0.8005652992047387,-1.3356622054740215,-0.3198317405139618
sig_rho,NA,NA,0.4426968684327905,0.2903630194842947,0.5994661949519167
z_rho,NA,NA,0.053299027763386415,-0.7971320191404417,0.8722675016915419
z_rho,NA,NA,0.6286652259904622,-0.22267410718574593,1.445141936507333
z_rho,NA,NA,0.8325171652985104,-0.016946387030406383,1.6804287103440847
z_rho,NA,NA,0.8870147530192336,0.07644191850838325,1.6717983457585328
z_rho,NA,NA,0.34485018966662645,-0.4010030835317886,1.1228847418766803
z_rho,NA,NA,0.3447221312603763,-0.43809278256001827,1.1243553114428881
z_rho,NA,NA,-0.3411847615754596,-1.1350397413606423,0.44146743114931813
z_rho,NA,NA,-0.8715548079399241,-1.6422618667587452,-0.06799962348379622
z_rho,NA,NA,-1.0790976884799628,-1.889729871309613,-0.2662541925388754
z_rho,NA,NA,-1.1479984589473984,-1.9341811639297615,-0.34119450651064864
z_rho,NA,NA,-0.5690569315223605,-1.391712596114742,0.19986420628370524
z_rho,NA,NA,-0.24140778265453516,-1.0281591146583438,0.5243906765201729
z_rho,NA,NA,0.1747260187441662,-0.6529482613226119,0.9983869422366631
z_rho,NA,NA,0.7166505926170506,-0.11260690080177654,1.4563985508633264
z_rho,NA,NA,0.12761108952336198,-0.6544224864850015,0.9302696431668855
z_rho,NA,NA,0.682871047233621,-0.1462686143195048,1.488311562820309
z_rho,NA,NA,0.25678321271071725,-0.5404824278410999,1.0646867042207089
z_rho,NA,NA,0.3096479299481213,-0.44042554243576504,1.1232606182146347
z_rho,NA,NA,0.4651740057492179,-0.35776206279704514,1.2664060974859372
z_rho,NA,NA,0.5104687160825082,-0.2905973831823564,1.2834251551007818
z_rho,NA,NA,0.006481923167054442,-0.8098657984361518,0.8115700840589861
z_rho,NA,NA,0.35876054848164973,-0.4688551504353503,1.1521260696068805
z_rho,NA,NA,-0.20565497931471044,-1.043842969762062,0.6466945451997863
z_rho,NA,NA,-0.20257137465656205,-1.0237225508845396,0.6518506625524724
z_rho,NA,NA,-0.5759454634009853,-1.401318228772778,0.28140197497250996
z_rho,NA,NA,0.38349373433411155,-0.4663795030953021,1.2518817012584436
z_rho,NA,NA,0.5398783374457994,-0.2944287504465029,1.3556880309623425
z_rho,NA,NA,-0.39507822646438157,-1.2262510039572596,0.4852039234888989
z_rho,NA,NA,-0.3525174673667134,-1.2360432584401353,0.5781384980110201
z_rho,NA,NA,-0.020426860683095377,-0.9943979428958644,1.0066011553935614
logit_phi,2,NA,1.053903009488906,0.5339819617908139,1.6846004192037165
logit_phi,3,NA,-0.600294651912187,-1.0247954537406745,-0.1282382084180607
logit_phi,4,NA,-0.630129640551883,-1.206989966982921,-0.09160506226301306
sig_obs,NA,NA,0.8075181153346958,0.7464527314922705,0.8814602388064378
N_init,NA,NA,86.7110421904504,57.942193605305235,128.68372336681855
N_init,NA,NA,31.15700221945809,19.671995971961465,47.65840992961048
N_init,NA,NA,22.42141522092642,12.938151942531087,37.499505073049555
N_init,NA,NA,33.404553888743436,21.37071523618929,53.00156605870713
N,1,1,86.7110421904504,57.942193605305235,128.68372336681855
N,1,2,44.92229571349445,29.26056705046755,68.33856883470735
N,1,3,27.940465437654694,18.67531925599475,41.47281982942873
N,1,4,28.96096643557715,20.155919011231422,42.06564565221718
N,1,5,75.40647952716208,53.51190243162941,105.2271418562781
N,1,6,87.51250649479933,63.54531686450629,122.06473776119725
N,1,7,69.46428612748043,50.43462132873854,99.91297582258184
N,1,8,71.85443838117354,49.29936392838797,106.51051955142206
N,1,9,116.32101598667285,78.55426682006579,171.60940454890215
N,1,10,100.45040383165254,70.20459829407642,145.41588001848848
N,1,11,57.648759209790356,41.29899431539228,81.4321114076661
N,1,12,34.7619397303618,24.336841815843307,48.09661938209607
N,1,13,37.70379257552743,26.91829691129721,52.618733860733315
N,1,14,34.2917526643572,24.28192754412623,47.34707307051832
N,1,15,26.979602619785126,19.149435886429732,37.21036292672746
N,1,16,24.62277845030699,17.774299291675895,33.92579625216693
N,1,17,22.588633982834935,16.07601236818743,31.736339167351645
N,1,18,27.078993607691444,19.46852936865573,37.18661809335158
N,1,19,24.42174468936569,17.28088334091422,34.340501205793494
N,1,20,24.408956966694085,17.237559649149766,33.517201401863204
N,1,21,26.884041942066425,19.208879202856632,37.0684463969241
N,1,22,35.70275989576582,25.803664814798907,50.91017995870128
N,1,23,33.86969028641768,24.348586604673354,47.221128862874245
N,1,24,38.27859037963667,27.68148448617555,55.769646268928284
N,1,25,36.7947319579995,26.25923805991218,53.21056789615063
N,1,26,42.110267370837555,30.257222298742185,59.78334603117263
N,1,27,33.26497450485354,23.21325445578475,47.14365345113213
N,1,28,43.463540438816125,30.44285187750612,62.05502837999444
N,1,29,56.40004693270224,38.491378800955204,83.23985504097837
N,1,30,51.9927170565842,34.761531292230124,77.58900543867439
N,1,31,39.304007977017136,22.801162957626467,65.68843015753193
N,1,32,44.55080477028088,21.512604986754862,94.13994595368982
N,2,1,31.15700221945809,19.671995971961465,47.65840992961048
N,2,2,86.7110421904504,57.942193605305235,128.68372336681855
N,2,3,44.92229571349445,29.26056705046755,68.33856883470735
N,2,4,27.940465437654694,18.67531925599475,41.47281982942873
N,2,5,28.96096643557715,20.155919011231422,42.06564565221718
N,2,6,75.40647952716208,53.51190243162941,105.2271418562781
N,2,7,87.51250649479933,63.54531686450629,122.06473776119725
N,2,8,69.46428612748043,50.43462132873854,99.91297582258184
N,2,9,71.85443838117354,49.29936392838797,106.51051955142206
N,2,10,116.32101598667285,78.55426682006579,171.60940454890215
N,2,11,100.45040383165254,70.20459829407642,145.41588001848848
N,2,12,57.648759209790356,41.29899431539228,81.4321114076661
N,2,13,34.7619397303618,24.336841815843307,48.09661938209607
N,2,14,37.70379257552743,26.91829691129721,52.618733860733315
N,2,15,34.2917526643572,24.28192754412623,47.34707307051832
N,2,16,26.979602619785126,19.149435886429732,37.21036292672746
N,2,17,24.62277845030699,17.774299291675895,33.92579625216693
N,2,18,22.588633982834935,16.07601236818743,31.736339167351645
N,2,19,27.078993607691444,19.46852936865573,37.18661809335158
N,2,20,24.42174468936569,17.28088334091422,34.340501205793494
N,2,21,24.408956966694085,17.237559649149766,33.517201401863204
N,2,22,26.884041942066425,19.208879202856632,37.0684463969241
N,2,23,35.70275989576582,25.803664814798907,50.91017995870128
N,2,24,33.86969028641768,24.348586604673354,47.221128862874245
N,2,25,38.27859037963667,27.68148448617555,55.769646268928284
N,2,26,36.7947319579995,26.25923805991218,53.21056789615063
N,2,27,42.110267370837555,30.257222298742185,59.78334603117263
N,2,28,33.26497450485354,23.21325445578475,47.14365345113213
N,2,29,43.463540438816125,30.44285187750612,62.05502837999444
N,2,30,56.40004693270224,38.491378800955204,83.23985504097837
N,2,31,51.9927170565842,34.761531292230124,77.58900543867439
N,2,32,39.304007977017136,22.801162957626467,65.68843015753193
N,3,1,22.42141522092642,12.938151942531087,37.499505073049555
N,3,2,22.596527753315748,14.087920743116564,35.38515905936455
N,3,3,63.811035917768095,41.63441580676778,94.66864196654485
N,3,4,33.09969197129381,21.371251696768876,50.05606522009917
N,3,5,20.351086639869823,13.64280378766016,30.09284467414865
N,3,6,21.354810538677064,14.646765850711372,30.316277882608688
N,3,7,54.891957842111296,38.522837582311666,77.16106697418465
N,3,8,64.1669310840504,46.413790711872615,88.99533104426405
N,3,9,50.859610661512605,36.82462400826207,72.34851915438625
N,3,10,52.59842275319837,36.13392690036626,77.79924787846582
N,3,11,84.68935389266312,57.2214072231278,126.06987256443111
N,3,12,73.42583865615481,50.66504640447166,107.49923435899429
N,3,13,42.07251374897015,30.413851297203852,58.97833313054689
N,3,14,25.450256049350873,17.833758878036676,34.86460435163822
N,3,15,27.612626268785185,19.305882551487898,38.56310565345845
N,3,16,24.995578899854223,17.64347360152177,34.54969521552417
N,3,17,19.702077958875066,14.040386612827191,27.416746550937955
N,3,18,17.8853300566508,12.892271349934568,24.760372527223385
N,3,19,16.520191439469038,11.671677140320977,23.343090361376493
N,3,20,19.79926824634486,14.194527164578846,27.185032679434187
N,3,21,17.971415748530248,12.76269035867948,24.82245993095715
N,3,22,17.712462095016107,12.779660316602719,24.421543999784248
N,3,23,19.712764851520156,13.937050477975411,26.808920101985834
N,3,24,25.99512173623166,18.807914597983107,37.25936407065764
N,3,25,24.8706123445495,17.512512607670654,34.552309277275484
N,3,26,28.08110719577893,20.0018713179565,39.98924510302209
N,3,27,27.04762048628872,19.0028180090438,38.41499796968749
N,3,28,30.712440914769743,22.037314378273805,43.74192946127926
N,3,29,24.534561687824535,16.633774432873754,34.348788335109944
N,3,30,31.817343992535427,22.023004344886495,45.242233001130536
N,3,31,41.12983054691366,28.28721019408926,60.62424577203153
N,3,32,37.76316841433891,25.475832640637226,57.10050882544408
N,4,1,33.404553888743436,21.37071523618929,53.00156605870713
N,4,2,20.64626225185854,14.453442216721722,29.650207217181134
N,4,3,16.251230366395887,11.969034415235194,22.301283427626004
N,4,4,28.75831395631987,20.688215943115054,39.99571694944909
N,4,5,22.5872852915318,16.966411724555606,30.13723687509841
N,4,6,15.526514046511096,11.202780911730267,21.105177741526326
N,4,7,13.381473749099474,9.670257148160728,18.30096353882556
N,4,8,24.786813729734533,17.814862017541458,34.365001914586884
N,4,9,31.819808291890787,23.777352745289388,42.71518038309182
N,4,10,29.53493734827292,22.48769400210717,39.176854836434856
N,4,11,29.3345037320772,22.003270779623634,39.69360598630455
N,4,12,41.30707418221003,29.527084699679623,58.19110590788331
N,4,13,41.33755248665628,30.115417542187757,56.52718208590003
N,4,14,29.95963216209544,22.691131444624073,39.89318198721281
N,4,15,19.978269378926527,15.250880173156332,26.378435318544806
N,4,16,17.556838674066675,13.353753465710554,22.771275828055067
N,4,17,15.471089694320302,11.764270779960034,20.14324023331122
N,4,18,12.663641176122065,9.505035076778725,16.59204263689478
N,4,19,11.003164467746362,8.332423565288188,14.538741517273003
N,4,20,9.996729712904628,7.412290156106686,13.39506469036322
N,4,21,10.776601288846354,8.090530659031286,14.18191225525511
N,4,22,10.3100941196094,7.70586535299232,13.545592415591223
N,4,23,10.06346317250075,7.564779402218381,13.509619929601993
N,4,24,10.787057706347495,7.999059323160234,14.211384965733078
N,4,25,13.351227216852735,9.990319232753787,17.92219998547341
N,4,26,13.610054880531788,10.406679188924912,18.057212362063556
N,4,27,15.065712863913296,11.375614954067395,20.166355613929145
N,4,28,15.264734437135766,11.523362415392056,20.284355114895256
N,4,29,16.599741168712477,12.535003205213922,22.418364469996813
N,4,30,14.802420989597602,11.105690687612634,19.744706029362792
N,4,31,16.789908884770064,12.336189745687832,22.85346896449194
N,4,32,20.89877727405885,15.113332080345424,29.07240108014166
log_rho,NA,1,-0.8005652992047387,-1.3356622054740215,-0.3198317405139618
log_rho,NA,2,-0.8022802736272228,-1.2979588716228445,-0.3270769122140149
log_rho,NA,3,-0.5265515467399551,-0.960357945167066,-0.10826377215217436
log_rho,NA,4,-0.160268614962658,-0.5353571381491352,0.22707241797422517
log_rho,NA,5,0.22979468358788305,-0.18354187661095284,0.6724313545520083
log_rho,NA,6,0.40265337141753216,-0.06671433976741932,0.8766403694348994
log_rho,NA,7,0.5677296399334179,0.06822400993686321,1.0961205160543688
log_rho,NA,8,0.40923348962431494,-0.062266057670491246,0.9193044085369099
log_rho,NA,9,0.02462482624723511,-0.3868015469684278,0.469788830957252
log_rho,NA,10,-0.4397075609528116,-0.8279048855892224,-0.04182857541370179
log_rho,NA,11,-0.9340372851244131,-1.3995922827405647,-0.5133181353099514
log_rho,NA,12,-1.2006775670715693,-1.6747887976307565,-0.7455086721757844
log_rho,NA,13,-1.2925575347645526,-1.7935372290407965,-0.8326965650659792
log_rho,NA,14,-1.2098362990379032,-1.668131373596858,-0.7829009102907178
log_rho,NA,15,-0.8988309982020204,-1.3002401607139598,-0.5081705939772532
log_rho,NA,16,-0.8531737266161239,-1.237876432080729,-0.46560314493413446
log_rho,NA,17,-0.5520495737014857,-0.9401360322359154,-0.1673377083320643
log_rho,NA,18,-0.45693935727670765,-0.8391686834361157,-0.06496206846093312
log_rho,NA,19,-0.32825899817665694,-0.7078692692338849,0.06828181998059307
log_rho,NA,20,-0.13563665371410344,-0.5180897497886164,0.2658511526612686
log_rho,NA,21,0.08204727384866861,-0.3184205865952402,0.5225760791282046
log_rho,NA,22,0.061681523540625144,-0.3195816658075669,0.4989152203269712
log_rho,NA,23,0.21565800257092588,-0.18549537092021312,0.6708645696070877
log_rho,NA,24,0.11376859248411818,-0.27253555127024,0.5707773880793662
log_rho,NA,25,0.028763386327834484,-0.364115962474882,0.4462896307606708
log_rho,NA,26,-0.2218741002823836,-0.6445702986816579,0.17929598596464497
log_rho,NA,27,-0.05998689258397369,-0.4554747420383106,0.3418926061206382
log_rho,NA,28,0.1846313287050007,-0.23061347636545404,0.6303265550791733
log_rho,NA,29,0.01752390351833004,-0.41990237286402854,0.4517416303328733
log_rho,NA,30,-0.13838756003865646,-0.6715849906604192,0.3796965644706323
log_rho,NA,31,-0.12763162507427916,-0.8286115682160496,0.5546987033808701
rho,NA,1,0.44907503118249664,0.26298397583403144,0.7262712334999737
rho,NA,2,0.4483055400980125,0.27308863366291797,0.7210282923329301
rho,NA,3,0.5906382549986433,0.382755855843454,0.8973908604815145
rho,NA,4,0.8519149536302864,0.585460162680795,1.2549207558873958
rho,NA,5,1.2583418730933364,0.8323170391327414,1.9589945475863286
rho,NA,6,1.4957883285783748,0.9354623883483771,2.4028135805095845
rho,NA,7,1.7642570397201043,1.070605270466639,2.992534072709245
rho,NA,8,1.505663267400454,0.9396328571814381,2.5075455560854643
rho,NA,9,1.0249305220718954,0.6792258767099859,1.5996563738328888
rho,NA,10,0.6442247909266503,0.4369638171586096,0.9590341789491346
rho,NA,11,0.3929639966315869,0.2466975289594192,0.598506362503223
rho,NA,12,0.30099020609468674,0.1873477435919083,0.4744928779849224
rho,NA,13,0.2745676680537399,0.1663706506445021,0.43487504032414853
rho,NA,14,0.2982460990822976,0.1885991587163086,0.4570781608562991
rho,NA,15,0.4070452183141349,0.2724663494689945,0.6015951348243967
rho,NA,16,0.42606058419986237,0.28999939795044066,0.6277563705203664
rho,NA,17,0.5757685259523369,0.3905747124828178,0.8459139016095576
rho,NA,18,0.6332187581198203,0.43206956091168935,0.9371030189634252
rho,NA,19,0.720176474220794,0.4926928865435429,1.0706670689340112
rho,NA,20,0.8731598439148742,0.5956574770506917,1.3045408694347997
rho,NA,21,1.0855071265656093,0.7272968452534275,1.6863662723592774
rho,NA,22,1.0636235517430657,0.7264529086298032,1.6469337676694102
rho,NA,23,1.2406780102680304,0.8306927203410128,1.9559276476406493
rho,NA,24,1.12049280481155,0.761446360725398,1.7696430012371804
rho,NA,25,1.0291810531350585,0.6948106310164759,1.5625039800223828
rho,NA,26,0.8010162073049802,0.5248880483482534,1.1963748020529994
rho,NA,27,0.9417768778789584,0.634146844247404,1.4076091474674115
rho,NA,28,1.2027749407648256,0.7940464476732376,1.8782238235995758
rho,NA,29,1.0176783501408415,0.6571109754746481,1.571046018334316
rho,NA,30,0.8707611795570467,0.5108981750355678,1.4618409714211085
rho,NA,31,0.8801775566041543,0.43665513379340526,1.7414164318783758
phi,2,NA,0.7415236795172718,0.6304113607551003,0.8435127339402306
phi,3,NA,0.3542762850775636,0.2640943577972702,0.46798431125080076
phi,4,NA,0.3474811427914192,0.2302340967402428,0.4771147364826636
n_pred,1,1,4.462581236463358,4.059445835612224,4.857357627882395
n_pred,1,2,3.804934233570722,3.376240715764084,4.224474304515106
n_pred,1,3,3.330075751973485,2.927202819928567,3.7250382686198407
n_pred,1,4,3.3659489378368304,3.003497992712476,3.7392313770480565
n_pred,1,5,4.322893204986491,3.9799041019062504,4.6561212673268635
n_pred,1,6,4.471781714136468,4.1517533018681165,4.804551536069892
n_pred,1,7,4.240812751361494,3.9206778680986063,4.604299565219858
n_pred,1,8,4.274642375349639,3.897911103621948,4.668243609841266
n_pred,1,9,4.75635370962019,4.3637896548225665,5.1452209894931364
n_pred,1,10,4.609664076828384,4.251413806592794,4.979597748434111
n_pred,1,11,4.054368723557872,3.720838148578688,4.399769684207841
n_pred,1,12,3.548523099764524,3.1919912849336254,3.873211870363135
n_pred,1,13,3.6297606842175876,3.292806234733093,3.963072195579335
n_pred,1,14,3.5349048444234246,3.1897323369210837,3.85750498596099
n_pred,1,15,3.29508112168552,2.952273222591159,3.6165872918799677
n_pred,1,16,3.2036719387157797,2.877753528878091,3.524175675611802
n_pred,1,17,3.1174468573336735,2.7773282273202455,3.4574623650067933
n_pred,1,18,3.298758282703126,2.9687992815700284,3.615948958541918
n_pred,1,19,3.1954739042825064,2.849600870411941,3.536325441125805
n_pred,1,20,3.194950153466563,2.8470906944731693,3.512058779322203
n_pred,1,21,3.291532873597686,2.9553726221165513,3.6127661058296727
n_pred,1,22,3.575227922845171,3.2505165187834755,3.930062866017008
n_pred,1,23,3.5225205125901073,3.1924737930353224,3.854841404696709
n_pred,1,24,3.6448907276189235,3.3207637577962745,4.0212297451323415
n_pred,1,25,3.605354677112044,3.268017787624501,3.9742568709899304
n_pred,1,26,3.740291591411176,3.409734900859924,4.090727127489249
n_pred,1,27,3.50450502608242,3.14472340493796,3.8531993960978492
n_pred,1,28,3.7719224354535035,3.415851215638708,4.128021544335183
n_pred,1,29,4.032469969187372,3.6504342695427425,4.421726224338553
n_pred,1,30,3.9511036508077577,3.548511352609622,4.351425732869197
n_pred,1,31,3.671326493242213,3.1268115402096868,4.18492279688625
n_pred,1,32,3.7966301990043063,3.0686389837292682,4.544782438539346
n_pred,2,1,3.439039009910176,2.979196086702035,3.8640591057057705
n_pred,2,2,4.462581236463358,4.059445835612224,4.857357627882395
n_pred,2,3,3.804934233570722,3.376240715764084,4.224474304515106
n_pred,2,4,3.330075751973485,2.927202819928567,3.7250382686198407
n_pred,2,5,3.3659489378368304,3.003497992712476,3.7392313770480565
n_pred,2,6,4.322893204986491,3.9799041019062504,4.6561212673268635
n_pred,2,7,4.471781714136468,4.1517533018681165,4.804551536069892
n_pred,2,8,4.240812751361494,3.9206778680986063,4.604299565219858
n_pred,2,9,4.274642375349639,3.897911103621948,4.668243609841266
n_pred,2,10,4.75635370962019,4.3637896548225665,5.1452209894931364
n_pred,2,11,4.609664076828384,4.251413806592794,4.979597748434111
n_pred,2,12,4.054368723557872,3.720838148578688,4.399769684207841
n_pred,2,13,3.548523099764524,3.1919912849336254,3.873211870363135
n_pred,2,14,3.6297606842175876,3.292806234733093,3.963072195579335
n_pred,2,15,3.5349048444234246,3.1897323369210837,3.85750498596099
n_pred,2,16,3.29508112168552,2.952273222591159,3.6165872918799677
n_pred,2,17,3.2036719387157797,2.877753528878091,3.524175675611802
n_pred,2,18,3.1174468573336735,2.7773282273202455,3.4574623650067933
n_pred,2,19,3.298758282703126,2.9687992815700284,3.615948958541918
n_pred,2,20,3.1954739042825064,2.849600870411941,3.536325441125805
n_pred,2,21,3.194950153466563,2.8470906944731693,3.512058779322203
n_pred,2,22,3.291532873597686,2.9553726221165513,3.6127661058296727
n_pred,2,23,3.575227922845171,3.2505165187834755,3.930062866017008
n_pred,2,24,3.5225205125901073,3.1924737930353224,3.854841404696709
n_pred,2,25,3.6448907276189235,3.3207637577962745,4.0212297451323415
n_pred,2,26,3.605354677112044,3.268017787624501,3.9742568709899304
n_pred,2,27,3.740291591411176,3.409734900859924,4.090727127489249
n_pred,2,28,3.50450502608242,3.14472340493796,3.8531993960978492
n_pred,2,29,3.7719224354535035,3.415851215638708,4.128021544335183
n_pred,2,30,4.032469969187372,3.6504342695427425,4.421726224338553
n_pred,2,31,3.9511036508077577,3.548511352609622,4.351425732869197
n_pred,2,32,3.671326493242213,3.1268115402096868,4.18492279688625
n_pred,3,1,3.1100165383394778,2.5601803727915833,3.624327734130807
n_pred,3,2,3.117796243463236,2.6453177432339987,3.5662924517253445
n_pred,3,3,4.155926143639193,3.728927114477211,4.550382814143431
n_pred,3,4,3.4995239593870022,3.0620466331419762,3.913143673381648
n_pred,3,5,3.0131342940763304,2.6132121647336337,3.4042874215089762
n_pred,3,6,3.0612770316603375,2.684219550045298,3.411684779034843
n_pred,3,7,4.005366850391601,3.6512512487198467,4.345895015563289
n_pred,3,8,4.1614879690964,3.837596628671352,4.488583907136389
n_pred,3,9,3.9290690951975273,3.6061667506489705,4.28149492293839
n_pred,3,10,3.962686133563425,3.5872322227566875,4.354131739920574
n_pred,3,11,4.438989861498496,4.0469280805202015,4.836836285792158
n_pred,3,12,4.296275884212315,3.9252362464181654,4.677483723452408
n_pred,3,13,3.7393946445535744,3.4148980725343328,4.077170137792642
n_pred,3,14,3.2367258037228375,2.8810932046104156,3.5514721094657453
n_pred,3,15,3.3182731399139076,2.960409752368352,3.65229599567901
n_pred,3,16,3.2186989641757497,2.8703658950620135,3.5423987280027256
n_pred,3,17,2.9807241091287593,2.6419378969249534,3.311154007682652
n_pred,3,18,2.883980823717282,2.5566280015080247,3.209244487289242
n_pred,3,19,2.8045833479850426,2.4571651423999787,3.1503010196548678
n_pred,3,20,2.9856449795065423,2.65285647688996,3.3026665521515803
n_pred,3,21,2.888782367365086,2.5465260744083644,3.2117488829882563
n_pred,3,22,2.8742684446140907,2.5478548641431145,3.195465693488913
n_pred,3,23,2.981266382748628,2.6345507824564174,3.2887346648806504
n_pred,3,24,3.25790889124229,2.934277769348627,3.6179032818966483
n_pred,3,25,3.2136868793215125,2.862915628286878,3.5424743866620734
n_pred,3,26,3.3350970081948113,2.9958258349348745,3.6886105346329523
n_pred,3,27,3.297599034110336,2.944587284296553,3.6484479102384295
n_pred,3,28,3.424667813898246,3.092737121102565,3.778307119252151
n_pred,3,29,3.2000828039938023,2.811435231355789,3.5365667426858662
n_pred,3,30,3.460011547641091,3.0920875474005713,3.8120309821784977
n_pred,3,31,3.716733595114702,3.3424097658500482,4.1046948105203676
n_pred,3,32,3.63133383766288,3.23773018688342,4.044813020364803
n_pred,4,1,3.5086922332886568,3.0620215376789965,3.970321390382142
n_pred,4,2,3.027534298211802,2.67093260076706,3.38946911407659
n_pred,4,3,2.788168620253584,2.482322849115639,3.10464422163022
n_pred,4,4,3.3589269065137906,3.0295642580733273,3.6887723673531507
n_pred,4,5,3.1173871501732813,2.831235491059362,3.4057615069597516
n_pred,4,6,2.7425491313686936,2.4161620429780024,3.049518393478202
n_pred,4,7,2.5938711814622053,2.269054899338734,2.906953708056701
n_pred,4,8,3.21031180197717,2.8800330532426335,3.537038654547711
n_pred,4,9,3.460088989635874,3.168733550872877,3.7545543687386185
n_pred,4,10,3.3855738790652934,3.1129682061977704,3.66808613432878
n_pred,4,11,3.3787644224062694,3.0911911128554683,3.6811901132896216
n_pred,4,12,3.721033766710739,3.3853079552371854,4.063732522106084
n_pred,4,13,3.7217713439585687,3.4050372500433945,4.034721621295339
n_pred,4,14,3.399850880845928,3.1219741551879077,3.686205428862704
n_pred,4,15,2.994645151733523,2.7246372175809714,3.272546818155647
n_pred,4,16,2.865443534601488,2.5917975038005996,3.1254999058018518
n_pred,4,17,2.738973099764813,2.4650670276690123,3.002868758855571
n_pred,4,18,2.5387349878968353,2.2518216657694703,2.8089232201752643
n_pred,4,19,2.3981829101912586,2.120154344942395,2.676816907357415
n_pred,4,20,2.302258008760764,2.0031393121897527,2.594886332039702
n_pred,4,21,2.377377222136466,2.090694323157164,2.651967308238944
n_pred,4,22,2.333123401940819,2.041981768363676,2.6060611769755124
n_pred,4,23,2.3089113503302867,2.023503186245545,2.603401995799377
n_pred,4,24,2.3783470547485943,2.079323945334351,2.6540434004038023
n_pred,4,25,2.5916083053616106,2.301616545791782,2.886040166998189
n_pred,4,26,2.6108088489661556,2.3424478290544535,2.8935451772918026
n_pred,4,27,2.712421490673268,2.4314720239431806,3.0040156507997424
n_pred,4,28,2.7255452037137697,2.444376471855783,3.009849851792511
n_pred,4,29,2.809387050321046,2.5285249789991857,3.109880464593427
n_pred,4,30,2.6947907468612717,2.4074576497394586,2.9828853312613037
n_pred,4,31,2.8207780409261582,2.5125371847605025,3.1291029185233175
n_pred,4,32,3.039690653625808,2.715577268905248,3.3697892725644527
N_tot,NA,1,184.53254395947005,144.74183695739893,233.27117548900935
N_tot,NA,2,183.60895089145544,145.03292223514688,232.48065329424585
N_tot,NA,3,158.91182712970925,125.97859117348952,202.78562876828585
N_tot,NA,4,124.03839294840623,98.34943809431488,155.84242418979204
N_tot,NA,5,152.5104595043066,120.61940876869902,191.07668929638993
N_tot,NA,6,205.13733981245042,163.25499654206007,258.42201054509513
N_tot,NA,7,232.4880640932068,186.79784447893903,293.73011487706793
N_tot,NA,8,238.87874205442847,188.6938098461434,303.9413880475833
N_tot,NA,9,279.0223262921833,213.68613599049172,368.13770901047695
N_tot,NA,10,308.4681259826456,230.22028065949524,410.00748000338905
N_tot,NA,11,283.3659135780354,213.90619933005422,367.0298839833319
N_tot,NA,12,214.48753662661028,170.45466902972444,270.17729499008306
N_tot,NA,13,159.8483438379743,131.6027332808339,196.9317400023138
N_tot,NA,14,130.19169603764504,107.40315600051511,159.89946011078618
N_tot,NA,15,110.97849465161539,90.59035972537718,137.60751225830572
N_tot,NA,16,96.5182174956318,78.10005337972513,119.01460825203156
N_tot,NA,17,84.43068100127752,68.09919744785871,104.95768030054879
N_tot,NA,18,82.19704588342867,66.0039064799121,102.50401032305477
N_tot,NA,19,80.70959810698781,64.79545983118197,101.73063450487965
N_tot,NA,20,80.35988319831722,64.66870538219915,101.04038933736864
N_tot,NA,21,81.6323143457695,65.94526853217624,102.19472835111709
N_tot,NA,22,93.31279965105573,74.88846308837397,117.21388654803604
N_tot,NA,23,102.21780965202319,81.72806760826134,128.71716586695754
N_tot,NA,24,112.7881903017203,89.9632276839548,143.03389772147554
N_tot,NA,25,116.9495390678637,94.01484062171801,147.71758990635962
N_tot,NA,26,125.29074946293467,99.96303748394423,158.05306705328445
N_tot,NA,27,121.46216387506426,98.0799509836426,151.3929383351083
N_tot,NA,28,127.12855466924168,102.12316137653235,158.16211996328693
N_tot,NA,29,145.17160826148793,114.35564859596366,186.7418135937158
N_tot,NA,30,160.46582107499364,122.14419861658014,210.54374662067642
N_tot,NA,31,155.17124631866471,114.75013483347867,211.26864014386695
N_tot,NA,32,149.15438270154024,98.37390854426125,233.07270030237007
rho_scale,NA,1,1.3649792226872632,0.7993489684071606,2.207526749266199
rho_scale,NA,2,1.3626403276932613,0.8300624283661251,2.1915906466956736
rho_scale,NA,3,1.7952655797284343,1.1633997757846382,2.727650824765906
rho_scale,NA,4,2.589425219522754,1.7795265874972075,3.8143754138251778
rho_scale,NA,5,3.824774018913932,2.5298566747592863,5.954432264407749
rho_scale,NA,6,4.5465008033765955,2.843370561793788,7.303435697037273
rho_scale,NA,7,5.3625208160794795,3.2541420662788303,9.095911704723218
rho_scale,NA,8,4.576516024400915,2.8560468472933485,7.621772190241167
rho_scale,NA,9,3.1153120752278314,2.064530746185934,4.862211350231595
rho_scale,NA,10,1.9581437249793767,1.3281667651774482,2.9150178415965553
rho_scale,NA,11,1.1944277758081026,0.7498457449999091,1.8191809669574708
rho_scale,NA,12,0.9148702310831525,0.5694500020340098,1.4422376547123106
rho_scale,NA,13,0.8345580049912513,0.5056893962613123,1.3218178551247957
rho_scale,NA,14,0.9065294220943325,0.5732537219586404,1.3893050145097279
rho_scale,NA,15,1.2372281403176149,0.8281709738511067,1.8285693981755502
rho_scale,NA,16,1.2950260082540004,0.8814632863284324,1.908087386674695
rho_scale,NA,17,1.750068519580708,1.1871654632907973,2.5711848125667247
rho_scale,NA,18,1.92469050433164,1.3132905025850652,2.8483573157795274
rho_scale,NA,19,2.1890015158292506,1.4975572156102572,3.254329904876169
rho_scale,NA,20,2.6539998046435826,1.8105216802447772,3.9651974798867053
rho_scale,NA,21,3.29943677772384,2.2106441319679764,5.125769111566456
rho_scale,NA,22,3.2329208886702014,2.2080789571608204,5.005912638009114
rho_scale,NA,23,3.771084091675153,2.5249195011295438,5.945110315037975
rho_scale,NA,24,3.4057769671830136,2.314442775507198,5.378891633993012
rho_scale,NA,25,3.128231712668655,2.1119011505547305,4.749285353230825
rho_scale,NA,26,2.4347167045293236,1.5954155330027142,3.636422944844815
rho_scale,NA,27,2.8625636729948805,1.927511454491528,4.278477106371877
rho_scale,NA,28,3.655876389720063,2.4135318769974923,5.708926831266617
rho_scale,NA,29,3.093268845660651,1.9973117324310818,4.775249176658026
rho_scale,NA,30,2.646708980653628,1.55289282504997,4.4433166270869515
rho_scale,NA,31,2.675330387166581,1.3272285113208853,5.293095991779156
lambda,NA,1,0.9929353805431261,0.8887868870301209,1.1236566154653576
lambda,NA,2,0.8677376881844623,0.7855849974837934,0.9624922508688495
lambda,NA,3,0.7792842932279427,0.6741770595753156,0.893889244712316
lambda,NA,4,1.2112158273859555,1.0202326345437134,1.4712480513576294
lambda,NA,5,1.327783770601012,1.1638927674811892,1.5807924813653147
lambda,NA,6,1.1210305294093093,1.0153918849837014,1.2752480922587837
lambda,NA,7,1.013573809515333,0.8995007825165023,1.1661784795491432
lambda,NA,8,1.1518879290072808,1.0011310585324276,1.359003595346981
lambda,NA,9,1.0899888179923072,0.9859706617647357,1.2233700011595292
lambda,NA,10,0.9153595821441707,0.8392230053275361,0.9960372103551909
lambda,NA,11,0.7664606378429983,0.6872145949421302,0.8444204885982336
lambda,NA,12,0.7505046237649111,0.6612716152436722,0.8539661613017566
lambda,NA,13,0.8142138688228853,0.7158312386391545,0.9153653982911958
lambda,NA,14,0.8523378448285374,0.7698653397299529,0.9444840366003058
lambda,NA,15,0.8608883552881638,0.7815969190457023,0.955504871888458
lambda,NA,16,0.8734001850285189,0.7938194888222057,0.9695177836530657
lambda,NA,17,0.9676597371762169,0.870206646517063,1.0918422821246867
lambda,NA,18,0.9774949938286117,0.8859747425023903,1.0966695381973735
lambda,NA,19,0.984966444494947,0.8933131346086973,1.1069949659749279
lambda,NA,20,1.006294370059706,0.9051308048439329,1.1446909432197052
lambda,NA,21,1.12250087765254,0.9914470895640484,1.3252256465938586
lambda,NA,22,1.0852460915729316,0.9792926669609738,1.2290498407058592
lambda,NA,23,1.0871269647843929,0.9733553856882223,1.2557380420571491
lambda,NA,24,1.0328149255145296,0.921868679093755,1.1770826193503336
lambda,NA,25,1.0562389866823967,0.9415187095252268,1.20218334463677
lambda,NA,26,0.9696983839978902,0.8613367109443834,1.0881840569691321
lambda,NA,27,1.0341935300471514,0.9111955895204744,1.1933913331364951
lambda,NA,28,1.1301474415613961,0.9850716905372464,1.3390704077486855
lambda,NA,29,1.085884549938791,0.9708635229479419,1.2463417389950289
lambda,NA,30,0.9622687233394218,0.8434605561093655,1.1127477879216618
lambda,NA,31,0.9657443689420698,0.7837825810447123,1.1975768381016763
sig_obs_sd,NA,NA,0.8461906073795787,0.7822007683131551,0.9236738603039493
n_sim,NA,NA,3.4214407771815925,2.4796315964066706,4.358484083899343
n_sim,NA,NA,4.4532571378576815,3.5179144182333535,5.399957131420177
n_sim,NA,NA,3.7810233029643925,2.862465500963105,4.7479366452996565
n_sim,NA,NA,3.31008006700866,2.389711121219961,4.263325816012631
n_sim,NA,NA,3.3756170015385694,2.426644933900915,4.298350724142899
n_sim,NA,NA,4.3135752790644,3.3952488343532456,5.213928856768933
n_sim,NA,NA,4.451067058129967,3.5717893709914876,5.386622891511824
n_sim,NA,NA,4.253801624444232,3.3374615438887214,5.165468924196288
n_sim,NA,NA,4.257632343912588,3.3138120668278357,5.172458070634056
n_sim,NA,NA,4.7714677145746744,3.8430469135549123,5.683665278603722
n_sim,NA,NA,4.610729898034322,3.6956443602501685,5.580627960915127
n_sim,NA,NA,4.098943031461756,3.205047291877718,4.991635345592086
n_sim,NA,NA,3.5072128764011934,2.627780225470768,4.409010079867135
n_sim,NA,NA,3.6164026702315146,2.7333018278747114,4.540577054061632
n_sim,NA,NA,3.4952328825785948,2.629283343451064,4.427096980290147
n_sim,NA,NA,3.2798997298905626,2.3820629405812364,4.177467068861058
n_sim,NA,NA,3.203042293864854,2.3209365748505797,4.132936898771167
n_sim,NA,NA,3.0919472444994676,2.1795638762068443,4.034912404049919
n_sim,NA,NA,3.2743194211868745,2.38631964163854,4.199859554714262
n_sim,NA,NA,3.180175538866946,2.263224355617829,4.08289100211283
n_sim,NA,NA,3.218916193699024,2.3207555562554045,4.111393077112021
n_sim,NA,NA,3.2772894076708066,2.363990343301677,4.211992571059309
n_sim,NA,NA,3.588625155957466,2.691133053671148,4.461011510089235
n_sim,NA,NA,3.5437518628310354,2.6331210735203756,4.424674601005138
n_sim,NA,NA,3.6508462513563593,2.720790723613991,4.5623539194853
n_sim,NA,NA,3.6331875855154516,2.708283769750464,4.531642009088445
n_sim,NA,NA,3.75666728390273,2.850594247286546,4.684239177559272
n_sim,NA,NA,3.4640841175489525,2.5668256322050254,4.383414969924911
n_sim,NA,NA,3.7565440625285635,2.845240273539589,4.681816122315085
n_sim,NA,NA,4.039017789604404,3.0998121577922624,4.955721539234212
n_sim,NA,NA,4.003590602300828,3.0132411787230766,4.920674476142701
n_sim,NA,NA,3.7012678596401427,2.6640555611450933,4.677644722738046
n_sim,NA,NA,3.1117407154326022,2.0998070081423945,4.090843627659206
n_sim,NA,NA,3.100165039773054,2.11182601708232,4.039520632062467
n_sim,NA,NA,4.175368144554495,3.217361218114737,5.098755641888588
n_sim,NA,NA,3.4866970168312084,2.5446097824467966,4.41449768565575
n_sim,NA,NA,2.9772382909303294,2.0727462484056542,3.9298965020377805
n_sim,NA,NA,3.026295368011798,2.1041350388946922,3.9437702763738103
n_sim,NA,NA,3.9984927850724405,3.1144695889929994,4.9376678497795154
n_sim,NA,NA,4.135990940392804,3.24724857748579,5.022510876930404
n_sim,NA,NA,3.9282614792964754,3.020925521021502,4.819739644457178
n_sim,NA,NA,3.989806911297271,3.0509716357079792,4.931949970550152
n_sim,NA,NA,4.474681338059842,3.577072203134235,5.376129234855949
n_sim,NA,NA,4.307989000810096,3.3752370546149804,5.20962728230254
n_sim,NA,NA,3.718531209924293,2.847148344985883,4.65986449523948
n_sim,NA,NA,3.221334233960811,2.306098390687587,4.144170322399763
n_sim,NA,NA,3.30488973200697,2.4019011879966974,4.2180600923759615
n_sim,NA,NA,3.177122512846001,2.2913356978348274,4.0777936744038925
n_sim,NA,NA,2.9830126779382793,2.0671522320761526,3.896988232798739
n_sim,NA,NA,2.8970714091958123,1.9908998206557658,3.7930630677125863
n_sim,NA,NA,2.783664610611489,1.914376085044789,3.7163457789788503
n_sim,NA,NA,2.957775224669434,2.0307635537199675,3.900490247231227
n_sim,NA,NA,2.8349124415048443,1.9329183822056388,3.74632000559948
n_sim,NA,NA,2.862329528431326,1.996888349287664,3.771626987820071
n_sim,NA,NA,2.9707063283282653,2.0463482454611803,3.8816979419886852
n_sim,NA,NA,3.2469508855848206,2.3802226499127612,4.137594733293236
n_sim,NA,NA,3.1954147499570835,2.3076877715534923,4.084282603515252
n_sim,NA,NA,3.347063708822459,2.4077041482194725,4.2353947467692015
n_sim,NA,NA,3.313467818669335,2.398738496786089,4.223347263959561
n_sim,NA,NA,3.4287008470534603,2.4914568809232986,4.346252801442321
n_sim,NA,NA,3.183002258591421,2.292114501938083,4.064453822626063
n_sim,NA,NA,3.4665856619154045,2.520398721740035,4.399462788566833
n_sim,NA,NA,3.730178892118383,2.8316637824186692,4.613279323226353
n_sim,NA,NA,3.645351442875107,2.7118523645022883,4.59296937595476
n_sim,NA,NA,3.5355196207200987,2.5970329651530077,4.439015230881176
n_sim,NA,NA,3.021959469336062,2.0954301933207145,3.9596650172071763
n_sim,NA,NA,2.7763254550354013,1.9019736115461254,3.6500813720686707
n_sim,NA,NA,3.3379573011647548,2.4579923727090267,4.277301828846306
n_sim,NA,NA,3.0999318456357416,2.212083714960656,4.004742417495618
n_sim,NA,NA,2.7258123654648108,1.8529173663195189,3.612353924559896
n_sim,NA,NA,2.5789463060686275,1.6580197481399606,3.481813919185906
n_sim,NA,NA,3.1994573608688253,2.2973356981537556,4.098126301745477
n_sim,NA,NA,3.480069011860212,2.5975831279700254,4.385499815665781
n_sim,NA,NA,3.4109523053786424,2.5485978799210933,4.277190726951488
n_sim,NA,NA,3.4048464949753257,2.4831756564550314,4.282384177878009
n_sim,NA,NA,3.72589795343111,2.803269780178853,4.616225055259892
n_sim,NA,NA,3.704554448900899,2.806029803952511,4.594143013236586
n_sim,NA,NA,3.414087576339404,2.510960748290284,4.31865897991297
n_sim,NA,NA,3.0019659520958824,2.0804018095886114,3.8741153354062017
n_sim,NA,NA,2.8587330764498144,1.9818835862022588,3.7351709197130454
n_sim,NA,NA,2.720927305670567,1.8448533414572796,3.615430603486157
n_sim,NA,NA,2.54180405126547,1.641319366189618,3.402658703513748
n_sim,NA,NA,2.3882900596407883,1.5084813784908337,3.2740815307202
n_sim,NA,NA,2.304014765527399,1.429227086083159,3.21513056713941
n_sim,NA,NA,2.394878132539378,1.5309610946544572,3.2850413529766618
n_sim,NA,NA,2.331212026484099,1.4178497733960398,3.2411187901879224
n_sim,NA,NA,2.3114673123894374,1.4592369698191738,3.2215243823519737
n_sim,NA,NA,2.3382338331948938,1.4284444950735578,3.235196314314031
n_sim,NA,NA,2.639735229691893,1.7019152860589557,3.528665445091
n_sim,NA,NA,2.604048471517994,1.7100665718420496,3.4748309685045875
n_sim,NA,NA,2.7159549835554087,1.8458879465987708,3.611726891163119
n_sim,NA,NA,2.7227248068667995,1.8112682952167005,3.60802620216083
n_sim,NA,NA,2.8333239733729383,1.925278682877118,3.7071317244901145
n_sim,NA,NA,2.6693217889787264,1.7803440997275115,3.587552669427181
n_sim,NA,NA,2.8290881219232493,1.9118115616405207,3.721090807508506
n_sim,NA,NA,3.0644342885494136,2.1729261999703646,3.963296659882759
resid_obs,NA,NA,-0.49460003074373615,-0.9196201265393311,-0.034757107535595404
resid_obs,NA,NA,1.0786823086950719,0.6839059172760348,1.481817709546206
resid_obs,NA,NA,-1.320027583782722,-1.7395676547271068,-0.8913340659760843
resid_obs,NA,NA,-0.2390332986151651,-0.6339958152615212,0.16383963342975286
resid_obs,NA,NA,0.06803826664831947,-0.30524417256290703,0.4304892117726741
resid_obs,NA,NA,-0.5162307152161714,-0.8494587775565436,-0.17324161213593034
resid_obs,NA,NA,1.130337106743232,0.7975672848098081,1.4503655190115834
resid_obs,NA,NA,-0.4566231174432338,-0.8201099313015978,-0.13648823418034597
resid_obs,NA,NA,1.53049259356685,1.1368913590752243,1.907223865294542
resid_obs,NA,NA,1.47215729397099,1.0832900140980437,1.8647213487686136
resid_obs,NA,NA,1.107363624577836,0.7374299529721084,1.4656138948134267
resid_obs,NA,NA,0.4342676461742676,0.08886668552429891,0.7677982211534516
resid_obs,NA,NA,-0.3704692694165741,-0.6951580400151847,-0.013937454585675146
resid_obs,NA,NA,0.7890799235790127,0.45576841221726505,1.1260343730635072
resid_obs,NA,NA,-0.13370746276126466,-0.45630760429882994,0.21146504474107605
resid_obs,NA,NA,-0.1595869057563699,-0.48109307595081746,0.183220993337991
resid_obs,NA,NA,0.9072019254575299,0.5866981885615075,1.233120335295218
resid_obs,NA,NA,0.4379012041557364,0.09788569648261672,0.7780198341691643
resid_obs,NA,NA,0.2847606557529838,-0.0324300200858081,0.6147196568860814
resid_obs,NA,NA,0.3010336571839731,-0.03981787965932487,0.6469066910545388
resid_obs,NA,NA,0.3015574079999168,-0.015551217855723068,0.6494168669933101
resid_obs,NA,NA,-1.4997734043696356,-1.8210066366016227,-1.1636131528885012
resid_obs,NA,NA,0.06235823688121944,-0.29247670629061756,0.38706964094291474
resid_obs,NA,NA,-0.8834631829748474,-1.2157840750814493,-0.5534164634200619
resid_obs,NA,NA,-0.007304567892533642,-0.3836435854059513,0.3168224019301155
resid_obs,NA,NA,-1.1204480273240438,-1.489350221201931,-0.7831111378365012
resid_obs,NA,NA,-0.12937367876695616,-0.4798092148450286,0.20118301178429573
resid_obs,NA,NA,-1.5585948770271103,-1.9072892470425393,-1.19881325588265
resid_obs,NA,NA,-1.5746978581172832,-1.9307969669989626,-1.2186266383024882
resid_obs,NA,NA,0.361979185485068,-0.02727706966611323,0.7440148851296974
resid_obs,NA,NA,0.17603073423733195,-0.22429134782410787,0.578623032435468
resid_obs,NA,NA,-0.6268040555187928,-1.1404003591628302,-0.08228910248626671
resid_obs,NA,NA,0.10885928652872234,-0.40545190926260677,0.6586954520766164
resid_obs,NA,NA,0.4931216691809839,0.04462546091887527,0.965600169410221
resid_obs,NA,NA,-0.11287487580464273,-0.5073315463088808,0.31412415335733923
resid_obs,NA,NA,0.5258277313481474,0.11220801735350132,0.9633050575931735
resid_obs,NA,NA,-0.5282276442883302,-0.9193807717209767,-0.12830551494563355
resid_obs,NA,NA,-0.6633817588619677,-1.0137895062364732,-0.2863242772469277
resid_obs,NA,NA,0.1055070137817089,-0.23502115138997964,0.45962261545346283
resid_obs,NA,NA,0.46348484418787006,0.13638890614788096,0.7873761846129178
resid_obs,NA,NA,1.398807073592053,1.0463812458511903,1.7217094181406098
resid_obs,NA,NA,1.2020998403600853,0.8106542340029359,1.5775537511668225
resid_obs,NA,NA,0.690908853424574,0.29306242913091235,1.082970634402869
resid_obs,NA,NA,0.2886915944582542,-0.09251624478183838,0.6597312322524043
resid_obs,NA,NA,0.021805471139985766,-0.3159700220990815,0.3463020431592273
resid_obs,NA,NA,-0.34635404582667717,-0.661100351569585,0.009278553285744385
resid_obs,NA,NA,-0.5456844176741276,-0.8797072734392302,-0.1878210301285721
resid_obs,NA,NA,0.1485968658107204,-0.17510289801625564,0.49692993492445625
resid_obs,NA,NA,0.3151127568755707,-0.015317141678321605,0.6538989690793764
resid_obs,NA,NA,0.6995381147388278,0.37427445116686786,1.026890936948085
resid_obs,NA,NA,-0.3196766981970425,-0.6653943698668678,0.027741507388021173
resid_obs,NA,NA,0.4483422249786073,0.1313206523335697,0.7811307275951899
resid_obs,NA,NA,-0.18073216626287558,-0.5036986818860463,0.1615241266938455
resid_obs,NA,NA,-1.0825089753860406,-1.4037062242608624,-0.7560953949150646
resid_obs,NA,NA,0.656319776977762,0.3488514948457396,1.0030353772699727
resid_obs,NA,NA,0.10938693874417971,-0.2506074519101779,0.4330180606378434
resid_obs,NA,NA,0.18751050234064737,-0.14127700499991333,0.5382817533752817
resid_obs,NA,NA,0.16141055327166876,-0.19210297316647243,0.5006817265316054
resid_obs,NA,NA,-0.40722727621417554,-0.7580761523422697,-0.054215526400392476
resid_obs,NA,NA,-0.333625360539926,-0.6872646658938313,-0.0016946677442446203
resid_obs,NA,NA,-0.7151761542058024,-1.0516600928978663,-0.3265285815677892
resid_obs,NA,NA,-0.16417468163676086,-0.5161941161741681,0.20374931860375828
resid_obs,NA,NA,0.4576536747809381,0.06969245937527234,0.8319775040455921
resid_obs,NA,NA,-0.19734663317773027,-0.6108258158796525,0.19625701760173014
resid_obs,NA,NA,0.4986409519438133,0.03701179485032799,0.9453116475534736
resid_obs,NA,NA,-0.03180202465781212,-0.39373684052259994,0.3247996727869297
resid_obs,NA,NA,1.0184938695167363,0.7020182681401,1.324339640654681
resid_obs,NA,NA,0.7999561768458792,0.4701107160065191,1.1293188252863426
resid_obs,NA,NA,-0.5524377927117414,-0.8408121494982116,-0.266286133597822
resid_obs,NA,NA,-0.7966389823133837,-1.1036082444228923,-0.47025189392269273
resid_obs,NA,NA,-0.9844332690281052,-1.297515795622601,-0.6596169869046338
resid_obs,NA,NA,-0.07481758604802002,-0.4015444386185608,0.25546116268651636
resid_obs,NA,NA,-0.7520387885336639,-1.0465041676364084,-0.4606833497706674
resid_obs,NA,NA,-0.4952021211691331,-0.7777143764326198,-0.22259644830161018
resid_obs,NA,NA,-0.9808691496078996,-1.2832948404912516,-0.6932958400570987
resid_obs,NA,NA,-0.502157941842539,-0.8448566972378834,-0.16643213036898538
resid_obs,NA,NA,-0.35447551397209853,-0.6674257913088688,-0.037741420056924505
resid_obs,NA,NA,0.5704410327061922,0.2840864846894158,0.8483177583642126
resid_obs,NA,NA,-0.7974205743973026,-1.0753222408194274,-0.5274126402447515
resid_obs,NA,NA,-0.15739333349927787,-0.4174497046996415,0.11625269730161047
resid_obs,NA,NA,-1.1295351873307131,-1.3934308464214709,-0.8556291152349123
resid_obs,NA,NA,-1.1524406267769456,-1.4226288590553746,-0.8655273046495805
resid_obs,NA,NA,-0.6064234409632083,-0.8850574381293649,-0.32839487571434517
resid_obs,NA,NA,-1.6091108282008189,-1.9017391514797573,-1.3099921316298078
resid_obs,NA,NA,-0.9910828610165763,-1.2656729471190544,-0.7043999620372743
resid_obs,NA,NA,-0.1358988246045989,-0.40883659963929275,0.15524280897254383
resid_obs,NA,NA,-0.3630012012749766,-0.6574918467440674,-0.07759303719023519
resid_obs,NA,NA,0.7126953986097257,0.43699905295451785,1.011718508023969
resid_obs,NA,NA,0.4041239681923794,0.10969210655580074,0.6941157277622081
resid_obs,NA,NA,1.3012141564619946,1.0184778281363478,1.5695751763736965
resid_obs,NA,NA,0.5064543341949317,0.21486017406845787,0.7874038009250195
resid_obs,NA,NA,0.49333062115443016,0.20902597307568868,0.7744993530124175
resid_obs,NA,NA,1.1795969962432238,0.8791035819708432,1.4604590675650846
resid_obs,NA,NA,1.1118717429090483,0.8237771585090164,1.3992048400308614
resid_obs,NA,NA,1.9413958938716016,1.6330710162744424,2.2496367500372574
resid_obs,NA,NA,1.020752356920612,0.690653737981967,1.3448657416411722
resid_sim,NA,NA,-0.008955986646024705,-0.8107193931559643,0.8377774069967048
resid_sim,NA,NA,0.0116030363964994,-0.8446107757606978,0.8407860444297041
resid_sim,NA,NA,-0.014420326343394185,-0.8522472233653141,0.8271829676681965
resid_sim,NA,NA,-0.017952758663222212,-0.8551697570741613,0.8407695186216263
resid_sim,NA,NA,-3.957127747817868e-4,-0.85206047830652,0.8701353389016292
resid_sim,NA,NA,-0.005567940581687747,-0.8495608763656809,0.8179985571061237
resid_sim,NA,NA,-0.017711057646683237,-0.8533812955772679,0.8422637755889474
resid_sim,NA,NA,-0.007556553139110411,-0.8575433289972334,0.8650517624691424
resid_sim,NA,NA,-0.027023060156970757,-0.8763508313356019,0.8139610988246607
resid_sim,NA,NA,0.024582416374420824,-0.8499065882504594,0.8615361710386893
resid_sim,NA,NA,0.008193165830270965,-0.8432615949924824,0.8797867131895979
resid_sim,NA,NA,0.02907895252791315,-0.7844883753937925,0.8514137212573668
resid_sim,NA,NA,-0.01957099640152027,-0.8433085572032408,0.808740895342467
resid_sim,NA,NA,-0.007695619082534577,-0.8104271909402144,0.8569347275206556
resid_sim,NA,NA,-0.021010456486788787,-0.8348104826550478,0.8510740527976794
resid_sim,NA,NA,-0.006538975471970909,-0.8487099392638697,0.8370292007225547
resid_sim,NA,NA,-9.199516071589642e-4,-0.8192558221761324,0.8716909878645985
resid_sim,NA,NA,-0.01740628241170472,-0.8608431906426779,0.8689623959461182
resid_sim,NA,NA,-0.01063886569009398,-0.855816443812625,0.8319792853472706
resid_sim,NA,NA,-0.015130682962593456,-0.8474249320164126,0.8211144471260846
resid_sim,NA,NA,0.03481174407698906,-0.8037465285437351,0.8748265984138325
resid_sim,NA,NA,0.00858062865102549,-0.8667411575245338,0.8304084157350496
resid_sim,NA,NA,0.02212998475898975,-0.8388215237722286,0.8367483492790992
resid_sim,NA,NA,0.0141653974290199,-0.831770758409706,0.8410619886098528
resid_sim,NA,NA,-0.02172372508333975,-0.8762620107452984,0.8272166869289335
resid_sim,NA,NA,0.01883613134141049,-0.8218179803658301,0.8526904019921889
resid_sim,NA,NA,0.01154361608083665,-0.831981403826662,0.8579930352376992
resid_sim,NA,NA,-0.03688689355240249,-0.8355686758893439,0.8409161982727248
resid_sim,NA,NA,-0.005878072495526743,-0.8606794099832794,0.8233438209036982
resid_sim,NA,NA,0.0019043680230017568,-0.8590648588400567,0.8331355735030521
resid_sim,NA,NA,0.034497319310865304,-0.8415865052046361,0.8849355413547997
resid_sim,NA,NA,0.028384972825997723,-0.8110057138397573,0.8485419199233497
resid_sim,NA,NA,-0.00123527698260828,-0.8361881937294128,0.8448145574983628
resid_sim,NA,NA,-0.023295467712973528,-0.8649084260655803,0.8555653184525693
resid_sim,NA,NA,0.0072310295583757345,-0.8330780321218686,0.8424678193085653
resid_sim,NA,NA,0.007142561526619184,-0.8373299872600849,0.8257045581337228
resid_sim,NA,NA,-0.013663336635430623,-0.8621184741050842,0.8439353332871495
resid_sim,NA,NA,-0.03137535041407813,-0.8633737485393047,0.8262503988931583
resid_sim,NA,NA,0.020299646656507964,-0.8482689076331607,0.875555731502675
resid_sim,NA,NA,-0.034541821589702426,-0.8550805459349949,0.8144017666228642
resid_sim,NA,NA,-0.01632171005157934,-0.8317688477438205,0.8174950092685067
resid_sim,NA,NA,0.033675620448540666,-0.8493757441968376,0.8824886683450133
resid_sim,NA,NA,0.01787932451560348,-0.785318128987391,0.8549510746054576
resid_sim,NA,NA,4.7770938373936644e-4,-0.8440560232540013,0.842160965708282
resid_sim,NA,NA,-0.012907592551297586,-0.8290686259872573,0.8519477107838097
resid_sim,NA,NA,0.009093312587050262,-0.8469271116706487,0.8361940393505458
resid_sim,NA,NA,-0.0017350739319592634,-0.8309953514965976,0.81787638028744
resid_sim,NA,NA,-0.015253791080491519,-0.8337394502034751,0.8008915413018869
resid_sim,NA,NA,0.01900337801084606,-0.848921438227754,0.8647445883192515
resid_sim,NA,NA,0.017719199389623075,-0.836231226217309,0.829081967757352
resid_sim,NA,NA,-0.015904232929763173,-0.8369726335560572,0.8253465059347772
resid_sim,NA,NA,-0.022866009498696105,-0.8548355504133682,0.8476691291771673
resid_sim,NA,NA,-0.04307237423218835,-0.8539581050811853,0.8137199127919408
resid_sim,NA,NA,0.0020170795135177055,-0.787071343637471,0.8292225800005026
resid_sim,NA,NA,-0.005829327948063234,-0.8596272276314391,0.8543330757612918
resid_sim,NA,NA,-0.024373255956182227,-0.8160696113939477,0.7841727108790028
resid_sim,NA,NA,-0.01904261572669297,-0.8545088129187594,0.8102190860545577
resid_sim,NA,NA,-0.004667540902777434,-0.8653336406453391,0.8340775027137337
resid_sim,NA,NA,-0.0011998988889621032,-0.8262526789504822,0.8491225316086565
resid_sim,NA,NA,-0.008762895720109132,-0.8772068211990278,0.8558749436217219
resid_sim,NA,NA,0.008204873175599703,-0.829011938829615,0.818202206907684
resid_sim,NA,NA,0.011221448410741575,-0.8755692568842387,0.8659565364249261
resid_sim,NA,NA,0.01751439492044038,-0.8179724074765524,0.799352507659834
resid_sim,NA,NA,0.018173849924777885,-0.8381637644539253,0.8561885895756906
resid_sim,NA,NA,0.0055097366404215364,-0.8166474792361809,0.8397939801239407
resid_sim,NA,NA,-0.017511599523532873,-0.8659324907934467,0.8774895288234867
resid_sim,NA,NA,-0.013944813512189125,-0.8359658955970276,0.8111589998429711
resid_sim,NA,NA,-0.014696701874937323,-0.8365364711158222,0.8559443247205494
resid_sim,NA,NA,0.012275139784116762,-0.8724785927457912,0.8189616176452925
resid_sim,NA,NA,6.604605755888837e-4,-0.8406620985961883,0.839760945194638
resid_sim,NA,NA,-0.008645624367895177,-0.8603707792964956,0.8239612780232402
resid_sim,NA,NA,-0.010316374915162463,-0.8434001023605093,0.8385998751660888
resid_sim,NA,NA,0.017214425069965733,-0.8184623862607232,0.877960515114247
resid_sim,NA,NA,0.009545017789571952,-0.7969705198237153,0.8335439530451958
resid_sim,NA,NA,0.006346903334568665,-0.8477873063727321,0.8627050389666056
resid_sim,NA,NA,-0.00442284398691517,-0.8309676613682229,0.8129526734864952
resid_sim,NA,NA,-0.029794691831869224,-0.8425432411315555,0.8197557828608538
resid_sim,NA,NA,0.022640349792562686,-0.8374363868867984,0.8782136776554292
resid_sim,NA,NA,-0.002928014330740858,-0.8437132225416817,0.840431124705974
resid_sim,NA,NA,-0.002467532995437116,-0.8377193690019251,0.8355695867714041
resid_sim,NA,NA,-0.026962161420996056,-0.8321873098880131,0.8226129987839321
resid_sim,NA,NA,-0.0036962409487042436,-0.8275390912437528,0.8488988923043875
resid_sim,NA,NA,-0.013857876999110674,-0.8552250194285386,0.8424722368532113
resid_sim,NA,NA,0.005758385003855837,-0.8281382964820849,0.8568998730979414
resid_sim,NA,NA,0.016999392955912906,-0.8179436998429275,0.8586374177167357
resid_sim,NA,NA,-0.008324428301980324,-0.8467174766660805,0.8651467992994353
resid_sim,NA,NA,0.004932585011499846,-0.8087625428455006,0.8642089676054053
resid_sim,NA,NA,-0.03553770999994477,-0.8856218743893673,0.8215276001245688
resid_sim,NA,NA,0.03866411648853474,-0.8363158879006598,0.893567406689927
resid_sim,NA,NA,-0.022825914834589733,-0.8625805843922536,0.7897960347167896
resid_sim,NA,NA,0.009858693204735758,-0.8266094443130092,0.868478679606465
resid_sim,NA,NA,0.005019283200612179,-0.8783414853441145,0.8207391240900688
resid_sim,NA,NA,0.006085373322924248,-0.8518312336987692,0.8354696378875958
resid_sim,NA,NA,-0.01722325229996602,-0.8652342417578356,0.8688482033900662
resid_sim,NA,NA,-0.0033768308471464614,-0.8363685962373552,0.8809696659068195
resid_sim,NA,NA,0.009887405580308206,-0.8342981093400303,0.8658997969345733
acor_obs,NA,NA,0.13344081446283373,0.023884682654073605,0.2437818260688316
acor_obs,NA,NA,0.28752009170680587,0.14864604155882932,0.4094757768224845
acor_obs,NA,NA,0.6440699703589791,0.5781337949210498,0.7016579719332386
acor_sim,NA,NA,-0.03231407638923858,-0.2120172418957189,0.14730178875300015
acor_sim,NA,NA,-0.0423099974353816,-0.214485278177058,0.1404886780285461
acor_sim,NA,NA,-0.032582350799261646,-0.21161973141081414,0.14775674794190652
log_lik,NA,NA,-3.9015279708331088,-4.293240830343805,-3.7157065211657816
log_lik,NA,NA,-7.112684252523447,-7.845395571864526,-6.636713670349591
log_lik,NA,NA,-4.460620200045845,-5.310816735104363,-3.803275850364474
log_lik,NA,NA,-3.9389800031864537,-4.174162211924112,-3.814494645942682
log_lik,NA,NA,-4.259255888599956,-4.411920940296565,-4.156158521243668
log_lik,NA,NA,-4.7658513721974485,-5.070190835395886,-4.5872817574583795
log_lik,NA,NA,-7.246054016399541,-7.8036431279405445,-6.807681931509935
log_lik,NA,NA,-4.711385707623525,-5.014370745155189,-4.565218700015058
log_lik,NA,NA,-8.187649347509637,-9.059414863549868,-7.472223972474782
log_lik,NA,NA,-8.492611975104891,-9.35982048788274,-7.812301381366081
log_lik,NA,NA,-7.3313082960114855,-7.944594913478156,-6.85048589500971
log_lik,NA,NA,-5.395432885918856,-5.665672543525563,-5.24361577510765
log_lik,NA,NA,-4.057174871312822,-4.285924197292925,-3.9237506651660805
log_lik,NA,NA,-5.614405398749604,-6.075145454430313,-5.332274878034938
log_lik,NA,NA,-4.223405015118641,-4.372124018622228,-4.117900072817584
log_lik,NA,NA,-3.9579790456156085,-4.115430061043433,-3.853637242862251
log_lik,NA,NA,-5.444471303223754,-5.947012310582361,-5.120674553863135
log_lik,NA,NA,-4.467855152178714,-4.737127393872999,-4.329819579600999
log_lik,NA,NA,-4.438571673499629,-4.619808183896294,-4.3207799469712445
log_lik,NA,NA,-4.355285232527033,-4.556952588180207,-4.240289850616968
log_lik,NA,NA,-4.357663631215081,-4.558644729334087,-4.239026226509757
log_lik,NA,NA,-4.108538396311586,-4.8747626075548505,-3.4880236015756543
log_lik,NA,NA,-4.459866069124927,-4.59220447973353,-4.355984462719343
log_lik,NA,NA,-3.9421004442988936,-4.431661019489647,-3.615539840691837
log_lik,NA,NA,-4.4577981599468455,-4.597367806879631,-4.3566193935100435
log_lik,NA,NA,-4.115724662043677,-4.795016063494678,-3.6791147041863645
log_lik,NA,NA,-4.438123199762815,-4.582246272254325,-4.336345701360332
log_lik,NA,NA,-4.382487941447424,-5.206190543449775,-3.704311657279799
log_lik,NA,NA,-4.665034866452006,-5.6055983281207675,-3.9713757008593236
log_lik,NA,NA,-5.276602879309351,-5.554343064180336,-5.133224597867219
log_lik,NA,NA,-4.9697082421035566,-5.172374375984483,-4.856605665656241
log_lik,NA,NA,-4.1045261999632565,-4.711935206650866,-3.8339396210492547
log_lik,NA,NA,-4.091073995395593,-4.402425943039503,-3.9599988250250138
log_lik,NA,NA,-4.566801441752869,-5.020709430246498,-4.380554098548166
log_lik,NA,NA,-4.882577700988639,-5.068955860175596,-4.769757951550498
log_lik,NA,NA,-4.994457791935162,-5.433481849583013,-4.817926530667607
log_lik,NA,NA,-3.4506800082544813,-3.830511496080523,-3.251361374384629
log_lik,NA,NA,-3.466596469414052,-3.8633112133602316,-3.215454940175234
log_lik,NA,NA,-4.934329001877989,-5.082345751979314,-4.83367030430932
log_lik,NA,NA,-5.549093180868823,-5.822206044385471,-5.387711580047051
log_lik,NA,NA,-7.4430078889608335,-8.125785721331866,-6.850072333102339
log_lik,NA,NA,-6.936242674353755,-7.5985641711204615,-6.382454152809572
log_lik,NA,NA,-6.226506685971222,-6.69493985458685,-5.94138823776965
log_lik,NA,NA,-5.43461968503866,-5.674150413710053,-5.31312076041709
log_lik,NA,NA,-4.5769132952315505,-4.709108344806286,-4.47650618359862
log_lik,NA,NA,-3.7636557758743763,-3.972622235990451,-3.6335763822702507
log_lik,NA,NA,-3.7536306047816126,-4.0723495721509355,-3.5587094381516664
log_lik,NA,NA,-4.195077289481954,-4.339952405694605,-4.094278223642004
log_lik,NA,NA,-4.1604168801505965,-4.358625767160171,-4.040183802305025
log_lik,NA,NA,-4.687615750107368,-5.077032825154281,-4.44820496721518
log_lik,NA,NA,-3.347482229824754,-3.5683315637675452,-3.217452567335016
log_lik,NA,NA,-4.353176145534226,-4.623713699546915,-4.2051130253041205
log_lik,NA,NA,-3.5336500074740504,-3.70150465662008,-3.430657379597002
log_lik,NA,NA,-3.3694201259694814,-3.9140473356016754,-2.9499248106589713
log_lik,NA,NA,-4.703402918344969,-5.090003402482849,-4.481499023965599
log_lik,NA,NA,-4.188853085971399,-4.331800103318606,-4.088647462038691
log_lik,NA,NA,-4.232376174997227,-4.395380066634305,-4.123686110895552
log_lik,NA,NA,-4.322747063669412,-4.488460821744965,-4.217824137977336
log_lik,NA,NA,-3.7943075101900154,-4.055988231921519,-3.647440757640042
log_lik,NA,NA,-3.963124662367758,-4.182888914536581,-3.8460993424508843
log_lik,NA,NA,-3.600085162154942,-4.0144091177401995,-3.322715071750315
log_lik,NA,NA,-4.131315211248825,-4.2931396146838265,-4.025803114361777
log_lik,NA,NA,-5.097376216487121,-5.419401048929976,-4.92505181761059
log_lik,NA,NA,-4.287441839941456,-4.502611216400033,-4.16881168937072
log_lik,NA,NA,-4.9588052069535395,-5.390642258754632,-4.768133124537137
log_lik,NA,NA,-3.8184411510059064,-3.96880982904422,-3.7153564854293655
log_lik,NA,NA,-5.285505748752379,-5.7999663318547565,-4.916444364599784
log_lik,NA,NA,-5.367414525041244,-5.816092649374394,-5.075690220215553
log_lik,NA,NA,-3.5434649797252877,-3.820587361978638,-3.3554962277426994
log_lik,NA,NA,-3.150290438722269,-3.536694361974804,-2.8425026024071713
log_lik,NA,NA,-3.046097933894859,-3.5059572694561805,-2.6682472503095163
log_lik,NA,NA,-3.9516649267142983,-4.088537828096518,-3.854046564238847
log_lik,NA,NA,-3.8646454563579518,-4.230333297637485,-3.6201529490123034
log_lik,NA,NA,-3.8356561609638558,-4.069477548199067,-3.6835703110789035
log_lik,NA,NA,-3.8234517061913396,-4.32463468016092,-3.5040464275802043
log_lik,NA,NA,-4.165548997065766,-4.4756255584577564,-4.017700524294933
log_lik,NA,NA,-4.244360662462716,-4.441239834580358,-4.12890576701446
log_lik,NA,NA,-4.9588392245674004,-5.2315694429273805,-4.775712289657325
log_lik,NA,NA,-3.403150978835134,-3.7584728068286664,-3.1484129862377275
log_lik,NA,NA,-3.51621858093018,-3.643388273394951,-3.419467528316818
log_lik,NA,NA,-3.2527773245044935,-3.692439310957553,-2.8798566155858545
log_lik,NA,NA,-3.0675515535297215,-3.5333600158845213,-2.668387092877
log_lik,NA,NA,-2.808730149851496,-3.0979385817975933,-2.6176931167224113
log_lik,NA,NA,-3.2496917223225377,-3.9367593150151556,-2.6510243680439904
log_lik,NA,NA,-2.830922634973942,-3.2384376821304537,-2.483773457320905
log_lik,NA,NA,-3.0051520494614987,-3.136407299644315,-2.9070006555694956
log_lik,NA,NA,-2.8125524260198977,-3.0200950001482663,-2.685057031632083
log_lik,NA,NA,-4.212776042961897,-4.568825110390136,-3.9977311293560893
log_lik,NA,NA,-3.890271227123165,-4.104651516669465,-3.749660545050296
log_lik,NA,NA,-5.833712477174899,-6.4080076758876805,-5.390392652969736
log_lik,NA,NA,-4.166424091975484,-4.413622013084826,-3.99990782050889
log_lik,NA,NA,-4.159722792075545,-4.397756490076336,-4.003151421795377
log_lik,NA,NA,-5.70431595741486,-6.234715048498799,-5.2898547346852
log_lik,NA,NA,-5.4237569859281916,-5.949887347012034,-5.03968477842224
log_lik,NA,NA,-8.131777162111442,-9.133163535954326,-7.309161471489868
log_lik,NA,NA,-5.546482092062977,-6.067418695917489,-5.153499782910343
log_lik_sum,NA,NA,-442.1751981463807,-447.24179986739443,-437.6975522794982
lp__,NA,NA,-49.81552537235113,-56.753938923297056,-43.77569325908011
